t,alt,asp,roll,pitch
0.0,0.1,0.7,0.1,0.0
0.0,0.1,0.7,0.1,0.0
0.0,0.1,0.7,0.1,0.0
0.0,0.1,0.6,0.1,0.0
0.0,0.1,0.6,0.1,0.0
0.0,0.1,0.6,0.1,0.0
0.0,0.1,0.6,0.1,0.0
0.0,0.1,0.6,0.1,0.0
0.0,0.1,0.5,0.1,0.0
0.0,0.1,0.5,0.1,0.0
0.0,0.1,0.5,0.1,0.0
0.0,0.1,0.1,0.1,0.0
0.0,0.1,0.1,0.1,0.0
0.0,0.1,0.1,0.1,0.0
0.1,0.1,0.7,0.1,0.0
0.1,0.1,0.7,0.1,0.0
0.1,0.1,0.7,0.1,0.0
0.2,0.1,1.0,0.1,-0.1
0.2,0.1,1.0,0.1,-0.3
0.3,0.1,1.0,0.0,-0.5
0.3,0.1,0.8,0.0,-0.7
0.3,0.1,0.8,0.0,-0.8
0.4,0.1,0.8,-0.0,-0.9
0.4,0.1,0.6,-0.0,-0.9
0.5,0.2,0.6,-0.0,-0.9
0.5,0.2,0.8,-0.0,-0.8
0.5,0.3,0.8,-0.0,-0.7
0.6,0.3,0.8,-0.0,-0.6
0.6,0.4,1.3,-0.0,-0.4
0.7,0.5,1.3,-0.0,-0.2
0.7,0.5,1.3,-0.0,0.0
0.7,0.6,1.1,-0.0,0.3
0.8,0.7,1.1,-0.0,0.5
0.8,0.8,1.1,-0.0,0.8
0.9,0.9,1.6,0.0,1.0
0.9,1.0,1.6,0.0,1.2
0.9,1.1,1.6,0.0,1.4
1.0,1.2,1.7,0.0,1.7
1.0,1.3,1.7,0.0,1.8
1.1,1.4,1.8,0.0,2.0
1.1,1.5,1.8,0.0,2.1
1.1,1.6,1.8,0.0,2.3
1.2,1.7,2.0,0.0,2.4
1.2,1.8,2.0,0.0,2.5
1.3,1.9,2.0,0.0,2.5
1.3,2.0,1.9,0.0,2.6
1.3,2.1,1.9,0.0,2.6
1.4,2.3,1.9,0.0,2.6
1.4,2.4,1.9,0.1,2.6
1.5,2.5,1.9,0.1,2.6
1.5,2.6,1.9,0.1,2.5
1.5,2.7,1.8,0.1,2.5
1.6,2.8,1.8,0.1,2.4
1.6,2.9,1.9,0.1,2.4
1.7,3.0,1.9,0.1,2.3
1.7,3.1,1.9,0.1,2.2
1.7,3.3,2.0,0.1,2.2
1.8,3.4,2.0,0.1,2.1
1.8,3.5,2.0,0.1,2.0
1.9,3.6,2.3,0.1,1.9
1.9,3.7,2.3,0.1,1.9
1.9,3.8,2.3,0.1,1.8
2.0,3.9,2.0,0.1,1.7
2.0,4.0,2.0,0.1,1.7
2.1,4.1,2.0,0.1,1.6
2.1,4.2,2.2,0.1,1.6
2.1,4.3,2.2,0.1,1.5
2.2,4.4,2.2,0.1,1.5
2.2,4.5,2.0,0.1,1.4
2.3,4.6,2.0,0.1,1.4
2.3,4.7,2.1,0.1,1.4
2.3,4.8,2.1,0.1,1.4
2.4,4.9,2.1,0.1,1.3
2.4,5.0,2.3,0.1,1.3
2.5,5.1,2.3,0.1,1.3
2.5,5.2,2.3,0.1,1.3
2.5,5.3,1.9,0.1,1.3
2.6,5.4,1.9,0.1,1.3
2.6,5.5,1.9,0.2,1.3
2.7,5.6,1.7,0.2,1.3
2.7,5.7,1.7,0.2,1.3
2.7,5.8,1.7,0.2,1.3
2.8,5.9,1.8,0.2,1.4
2.8,6.0,1.8,0.2,1.4
2.9,6.1,2.0,0.2,1.4
2.9,6.2,2.0,0.2,1.4
2.9,6.3,2.0,0.2,1.4
3.0,6.4,2.2,0.2,1.4
3.0,6.5,2.2,0.2,1.5
3.1,6.6,2.2,0.2,1.5
3.1,6.7,2.2,0.2,1.5
3.1,6.8,2.2,0.2,1.5
3.2,6.9,2.2,0.2,1.5
3.2,7.0,2.3,0.2,1.6
3.3,7.1,2.3,0.2,1.6
3.3,7.2,2.3,0.2,1.6
3.3,7.3,2.5,0.2,1.6
3.4,7.4,2.5,0.2,1.6
3.4,7.5,2.6,0.2,1.7
3.5,7.6,2.6,0.2,1.7
3.5,7.7,2.6,0.2,1.7
3.5,7.8,2.4,0.2,1.7
3.6,7.9,2.4,0.2,1.7
3.6,8.0,2.4,0.2,1.7
3.7,8.1,2.1,0.2,1.8
3.7,8.2,2.1,0.2,1.8
3.7,8.3,2.1,0.2,1.8
3.8,8.4,2.1,0.2,1.8
3.8,8.5,2.1,0.2,1.8
3.9,8.6,2.1,0.2,1.8
3.9,8.7,2.3,0.2,1.8
3.9,8.8,2.3,0.2,1.8
4.0,8.9,2.3,0.2,1.8
4.0,9.0,2.2,0.2,1.8
4.1,9.1,2.2,0.2,1.9
4.1,9.2,2.4,0.2,1.9
4.1,9.3,2.4,0.2,1.9
4.2,9.4,2.4,0.2,1.9
4.2,9.5,2.5,0.2,1.9
4.3,9.6,2.5,0.2,1.9
4.3,9.7,2.5,0.2,1.9
4.3,9.8,2.2,0.2,1.9
4.4,9.9,2.2,0.2,1.9
4.4,10.0,2.2,0.2,1.9
4.5,10.1,1.9,0.2,1.9
4.5,10.2,1.9,0.2,1.9
4.5,10.3,1.9,0.2,1.9
4.6,10.4,1.8,0.2,1.9
4.6,10.5,1.8,0.2,1.9
4.7,10.6,1.8,0.2,1.9
4.7,10.7,1.8,0.2,1.9
4.7,10.8,1.8,0.2,1.9
4.8,10.9,1.9,0.2,1.9
4.8,11.0,1.9,0.2,1.9
4.9,11.1,1.9,0.2,1.9
4.9,11.2,2.0,0.2,1.9
4.9,11.3,2.0,0.2,1.9
5.0,11.4,2.0,0.2,1.9
5.0,11.5,2.2,0.2,1.9
5.1,11.6,2.2,0.2,1.9
5.1,11.7,2.2,0.2,1.9
5.1,11.8,1.9,0.2,1.9
5.2,11.9,1.9,0.2,1.9
5.2,12.0,2.0,0.2,1.9
5.3,12.1,2.0,0.2,1.9
5.3,12.2,2.0,0.2,1.8
5.3,12.3,1.7,0.2,1.8
5.4,12.4,1.7,0.2,1.8
5.4,12.5,1.7,0.2,1.8
5.5,12.6,1.7,0.2,1.8
5.5,12.7,1.7,0.2,1.8
5.5,12.8,1.7,0.2,1.8
5.6,12.9,1.7,0.1,1.8
5.6,13.0,1.7,0.1,1.8
5.7,13.1,1.7,0.1,1.8
5.7,13.2,2.1,0.1,1.8
5.7,13.3,2.1,0.1,1.8
5.8,13.4,2.1,0.1,1.8
5.8,13.5,1.8,0.1,1.8
5.9,13.6,1.8,0.1,1.8
5.9,13.7,2.1,0.1,1.8
5.9,13.8,2.1,0.1,1.8
6.0,13.9,2.1,0.1,1.8
6.0,14.0,2.1,0.1,1.8
6.1,14.1,2.1,0.1,1.8
6.1,14.2,2.1,0.1,1.8
6.1,14.3,2.0,0.1,1.8
6.2,14.4,2.0,0.1,1.8
6.2,14.5,2.0,0.1,1.8
6.3,14.6,2.0,0.1,1.8
6.3,14.7,2.0,0.1,1.8
6.3,14.8,2.0,0.1,1.8
6.4,14.9,2.1,0.1,1.7
6.4,15.0,2.1,0.1,1.7
6.5,15.1,2.3,0.1,1.7
6.5,15.2,2.3,0.1,1.7
6.5,15.3,2.3,0.1,1.7
6.6,15.4,2.3,0.1,1.7
6.6,15.5,2.3,0.1,1.7
6.7,15.6,2.3,0.1,1.7
6.7,15.7,2.4,0.1,1.7
6.7,15.8,2.4,0.1,1.7
6.8,15.9,2.4,0.1,1.7
6.8,16.0,2.4,0.1,1.6
6.9,16.1,2.4,0.1,1.6
6.9,16.2,2.4,0.1,1.6
6.9,16.3,2.4,0.1,1.6
7.0,16.4,2.4,0.1,1.6
7.0,16.5,2.6,0.1,1.6
7.1,16.6,2.6,0.1,1.6
7.1,16.7,2.6,0.1,1.6
7.1,16.8,2.3,0.1,1.5
7.2,16.9,2.3,0.1,1.5
7.2,17.0,2.3,0.1,1.5
7.3,17.1,2.2,0.1,1.5
7.3,17.2,2.2,0.1,1.5
7.3,17.3,2.2,0.1,1.5
7.4,17.4,2.0,0.1,1.5
7.4,17.5,2.0,0.1,1.5
7.5,17.6,2.0,0.1,1.5
7.5,17.7,1.9,0.1,1.5
7.5,17.8,1.9,0.1,1.5
7.6,17.9,1.9,0.1,1.5
7.6,18.0,2.1,0.1,1.5
7.7,18.1,2.1,0.1,1.5
7.7,18.2,2.1,0.1,1.4
7.7,18.3,2.1,0.1,1.4
7.8,18.4,2.1,0.1,1.4
7.8,18.5,1.9,0.1,1.4
7.9,18.6,1.9,0.1,1.4
7.9,18.6,1.9,0.1,1.4
7.9,18.8,2.2,0.1,1.4
8.0,18.9,2.2,0.1,1.4
8.0,18.9,2.2,0.1,1.4
8.1,19.0,1.9,0.1,1.4
8.1,19.2,1.9,0.1,1.4
8.1,19.2,1.9,0.1,1.4
8.2,19.3,2.0,0.1,1.4
8.2,19.5,2.0,0.1,1.3
8.3,19.5,2.2,0.1,1.3
8.3,19.6,2.2,0.1,1.3
8.3,19.8,2.2,0.1,1.3
8.4,19.8,2.2,0.1,1.3
8.4,19.9,2.2,0.0,1.3
8.5,20.1,2.2,0.1,1.3
8.5,20.1,2.3,0.0,1.3
8.5,20.2,2.3,0.0,1.3
8.6,20.4,2.3,0.1,1.3
8.6,20.4,2.1,0.0,1.3
8.7,20.5,2.1,0.0,1.3
8.7,20.7,2.1,0.1,1.3
8.7,20.7,2.1,0.0,1.3
8.8,20.8,2.1,0.1,1.3
8.8,21.0,2.1,0.1,1.3
8.9,21.0,2.1,0.1,1.3
8.9,21.1,2.1,0.1,1.3
8.9,21.3,2.2,0.1,1.3
9.0,21.4,2.2,0.1,1.3
9.0,21.5,2.2,0.1,1.3
9.1,21.6,2.0,0.1,1.3
9.1,21.7,2.0,0.1,1.3
9.1,21.8,2.0,0.1,1.3
9.2,21.9,2.0,0.1,1.3
9.2,22.0,2.0,0.1,1.3
9.3,22.1,2.0,0.1,1.3
9.3,22.2,2.2,0.1,1.3
9.3,22.3,2.2,0.1,1.3
9.4,22.4,2.2,0.1,1.3
9.4,22.5,2.3,0.1,1.3
9.5,22.6,2.3,0.1,1.3
9.5,22.7,2.1,0.1,1.3
9.5,22.8,2.1,0.1,1.3
9.6,22.9,2.1,0.1,1.3
9.6,23.0,2.1,0.1,1.3
9.7,23.1,2.1,0.1,1.3
9.7,23.2,2.1,0.1,1.3
9.7,23.3,1.8,0.1,1.3
9.8,23.4,1.8,0.1,1.3
9.8,23.4,1.8,0.1,1.3
9.9,23.5,1.8,0.1,1.3
9.9,23.7,1.8,0.1,1.3
9.9,23.7,1.8,0.1,1.3
10.0,23.8,1.7,0.1,1.3
10.0,24.0,1.7,0.1,1.3
10.1,24.0,1.9,0.1,1.3
10.1,24.1,1.9,0.1,1.3
10.1,24.2,1.9,0.1,1.3
10.2,24.3,1.6,0.1,1.3
10.2,24.4,1.6,0.1,1.3
10.3,24.5,1.6,0.1,1.3
10.3,24.6,2.0,0.1,1.3
10.3,24.7,2.0,0.1,1.4
10.4,24.8,2.0,0.1,1.4
10.4,24.9,2.0,0.1,1.4
10.5,25.0,2.0,0.1,1.4
10.5,25.1,2.0,0.1,1.4
10.5,25.2,1.9,0.1,1.4
10.6,25.3,1.9,0.1,1.4
10.6,25.4,2.2,0.1,1.4
10.7,25.5,2.2,0.1,1.4
10.7,25.6,2.2,0.1,1.4
10.7,25.8,1.9,0.1,1.4
10.8,25.8,1.9,0.1,1.4
10.8,25.9,1.9,0.1,1.4
10.9,26.1,2.0,0.1,1.5
10.9,26.1,2.0,0.1,1.5
10.9,26.3,2.0,0.1,1.5
11.0,26.4,1.9,0.1,1.5
11.0,26.5,1.9,0.2,1.5
11.1,26.6,1.9,0.2,1.5
11.1,26.7,2.0,0.2,1.5
11.1,26.8,2.0,0.2,1.5
11.2,26.9,2.0,0.2,1.5
11.2,27.0,1.7,0.2,1.5
11.3,27.1,1.7,0.2,1.5
11.3,27.2,1.6,0.2,1.5
11.3,27.3,1.6,0.2,1.5
11.4,27.4,1.6,0.2,1.5
11.4,27.5,1.9,0.2,1.5
11.5,27.6,1.9,0.2,1.5
11.5,27.7,1.9,0.2,1.5
11.5,27.8,1.8,0.2,1.5
11.6,27.9,1.8,0.2,1.5
11.6,28.0,1.8,0.2,1.5
11.7,28.1,2.0,0.2,1.5
11.7,28.2,2.0,0.2,1.5
11.7,28.3,2.0,0.2,1.5
11.8,28.4,2.2,0.2,1.6
11.8,28.5,2.2,0.2,1.6
11.9,28.6,2.1,0.2,1.6
11.9,28.7,2.1,0.2,1.6
11.9,28.8,2.1,0.2,1.6
12.0,28.9,2.0,0.2,1.6
12.0,29.0,2.0,0.2,1.6
12.1,29.1,2.0,0.2,1.6
12.1,29.1,1.9,0.2,1.6
12.1,29.3,1.9,0.2,1.6
12.2,29.4,1.9,0.2,1.6
12.2,29.5,1.7,0.2,1.6
12.3,29.6,1.7,0.2,1.6
12.3,29.7,1.7,0.2,1.6
12.3,29.8,1.7,0.2,1.6
12.4,29.9,1.7,0.2,1.7
12.4,30.0,1.5,0.2,1.7
12.5,30.0,1.5,0.2,1.7
12.5,30.1,1.5,0.2,1.7
12.5,30.3,1.9,0.2,1.7
12.6,30.3,1.9,0.2,1.7
12.6,30.4,1.9,0.2,1.7
12.7,30.6,1.7,0.2,1.6
12.7,30.6,1.7,0.2,1.6
12.7,30.7,1.7,0.2,1.6
12.8,30.9,2.0,0.2,1.5
12.8,30.9,2.0,0.2,1.4
12.9,31.0,2.0,0.2,1.3
12.9,31.1,1.7,0.2,1.2
12.9,31.2,1.7,0.2,1.1
13.0,31.3,1.7,0.2,0.9
13.0,31.4,1.8,0.2,0.8
13.1,31.5,1.8,0.2,0.6
13.1,31.6,1.7,0.2,0.4
13.1,31.6,1.7,0.2,0.2
13.2,31.7,1.7,0.2,0.0
13.2,31.8,1.6,0.3,-0.2
13.3,31.8,1.6,0.3,-0.4
13.3,31.9,1.6,0.3,-0.6
13.3,31.9,1.4,0.3,-0.8
13.4,32.0,1.4,0.4,-1.0
13.4,32.0,1.4,0.4,-1.2
13.5,32.1,1.0,0.5,-1.3
13.5,32.1,1.0,0.5,-1.5
13.5,32.1,1.0,0.6,-1.6
13.6,32.1,0.6,0.7,-1.7
13.6,32.2,0.6,0.7,-1.8
13.7,32.2,0.9,0.8,-1.9
13.7,32.2,0.9,0.9,-2.0
13.7,32.2,0.9,1.0,-2.1
13.8,32.2,0.7,1.1,-2.3
13.8,32.2,0.7,1.2,-2.4
13.9,32.2,0.7,1.3,-2.5
13.9,32.2,1.3,1.4,-2.6
13.9,32.2,1.3,1.5,-2.7
14.0,32.2,1.3,1.6,-2.7
14.0,32.2,1.5,1.8,-2.8
14.1,32.2,1.5,1.9,-2.9
14.1,32.2,1.5,2.0,-2.9
14.1,32.2,1.6,2.2,-3.0
14.2,32.2,1.6,2.4,-3.0
14.2,32.2,1.7,2.5,-3.0
14.3,32.2,1.7,2.7,-3.1
14.3,32.2,1.7,2.8,-3.1
14.3,32.2,2.2,3.0,-3.1
14.4,32.2,2.2,3.2,-3.1
14.4,32.2,2.2,3.4,-3.1
14.5,32.1,2.4,3.5,-3.0
14.5,32.1,2.4,3.7,-3.0
14.5,32.1,2.4,3.9,-3.0
14.6,32.1,2.5,4.1,-2.9
14.6,32.1,2.5,4.3,-2.9
14.7,32.1,2.5,4.5,-2.8
14.7,32.1,2.6,4.7,-2.8
14.7,32.1,2.6,5.0,-2.7
14.8,32.1,2.6,5.2,-2.7
14.8,32.1,3.1,5.4,-2.6
14.9,32.1,3.1,5.6,-2.6
14.9,32.1,3.5,5.9,-2.5
14.9,32.1,3.5,6.1,-2.4
15.0,32.1,3.5,6.3,-2.4
15.0,32.1,3.7,6.6,-2.3
15.1,32.1,3.7,6.8,-2.3
15.1,32.1,3.7,7.0,-2.2
15.1,32.1,3.9,7.3,-2.2
15.2,32.1,3.9,7.5,-2.1
15.2,32.1,3.9,7.8,-2.1
15.3,32.1,4.0,8.1,-2.0
15.3,32.0,4.0,8.3,-2.0
15.3,32.0,4.0,8.5,-2.0
15.4,32.0,4.2,8.8,-2.0
15.4,32.0,4.2,9.1,-1.9
15.5,32.0,4.5,9.3,-1.9
15.5,32.0,4.5,9.6,-1.9
15.5,32.0,4.5,9.8,-1.9
15.6,32.0,4.7,10.1,-1.9
15.6,32.0,4.7,10.4,-1.9
15.7,32.0,4.7,10.6,-1.9
15.7,32.0,5.0,10.9,-1.9
15.7,32.0,5.0,11.2,-1.8
15.8,32.0,5.0,11.4,-1.8
15.8,32.0,5.3,11.7,-1.8
15.9,32.0,5.3,12.0,-1.8
15.9,32.0,5.3,12.2,-1.8
15.9,31.9,5.6,12.5,-1.8
16.0,31.9,5.6,12.8,-1.8
16.0,31.9,5.8,13.0,-1.8
16.1,31.9,5.8,13.3,-1.8
16.1,31.9,5.8,13.6,-1.8
16.1,31.9,6.1,13.8,-1.8
16.2,31.9,6.1,14.1,-1.8
16.2,31.9,6.1,14.3,-1.8
16.3,31.9,6.3,14.6,-1.8
16.3,31.9,6.3,14.9,-1.8
16.3,31.9,6.3,15.1,-1.8
16.4,31.9,6.5,15.4,-1.8
16.4,31.9,6.5,15.6,-1.8
16.5,31.9,6.5,15.9,-1.8
16.5,31.9,6.7,16.1,-1.8
16.5,31.9,6.7,16.4,-1.8
16.6,31.8,6.7,16.7,-1.8
16.6,31.8,7.0,16.9,-1.8
16.7,31.8,7.0,17.1,-1.7
16.7,31.8,7.2,17.4,-1.7
16.7,31.8,7.2,17.6,-1.7
16.8,31.8,7.2,17.9,-1.7
16.8,31.8,7.5,18.1,-1.7
16.9,31.8,7.5,18.3,-1.7
16.9,31.8,7.5,18.6,-1.7
16.9,31.8,7.7,18.8,-1.6
17.0,31.8,7.7,19.0,-1.6
17.0,31.8,7.7,19.2,-1.6
17.1,31.8,8.0,19.5,-1.6
17.1,31.8,8.0,19.7,-1.6
17.1,31.8,8.0,19.9,-1.6
17.2,31.7,8.3,20.1,-1.5
17.2,31.7,8.3,20.3,-1.5
17.3,31.7,8.5,20.5,-1.5
17.3,31.7,8.5,20.7,-1.5
17.3,31.7,8.5,20.9,-1.5
17.4,31.7,8.6,21.0,-1.4
17.4,31.7,8.6,21.2,-1.4
17.5,31.7,8.6,21.4,-1.4
17.5,31.7,8.9,21.6,-1.4
17.5,31.7,8.9,21.7,-1.4
17.6,31.7,8.9,21.9,-1.3
17.6,31.7,9.1,22.0,-1.3
17.7,31.7,9.1,22.2,-1.3
17.7,31.7,9.1,22.3,-1.3
17.7,31.7,9.3,22.4,-1.3
17.8,31.7,9.3,22.6,-1.3
17.8,31.6,9.5,22.7,-1.2
17.9,31.6,9.5,22.8,-1.2
17.9,31.6,9.5,22.9,-1.2
17.9,31.6,9.6,23.0,-1.2
18.0,31.6,9.6,23.1,-1.2
18.0,31.6,9.6,23.2,-1.2
18.1,31.6,9.8,23.3,-1.2
18.1,31.6,9.8,23.3,-1.2
18.1,31.6,9.8,23.4,-1.2
18.2,31.6,10.0,23.5,-1.1
18.2,31.6,10.0,23.5,-1.1
18.3,31.6,10.0,23.6,-1.1
18.3,31.6,10.2,23.6,-1.1
18.3,31.6,10.2,23.7,-1.1
18.4,31.6,10.2,23.7,-1.1
18.4,31.6,10.3,23.7,-1.1
18.5,31.6,10.3,23.7,-1.0
18.5,31.6,10.5,23.7,-1.0
18.5,31.6,10.5,23.7,-1.0
18.6,31.6,10.5,23.7,-1.0
18.6,31.5,10.7,23.7,-0.9
18.7,31.5,10.7,23.7,-0.9
18.7,31.5,10.7,23.6,-0.9
18.7,31.5,10.9,23.6,-0.8
18.8,31.5,10.9,23.5,-0.8
18.8,31.5,10.9,23.4,-0.8
18.9,31.5,11.1,23.3,-0.8
18.9,31.5,11.1,23.2,-0.7
18.9,31.5,11.1,23.1,-0.7
19.0,31.5,11.2,23.0,-0.7
19.0,31.5,11.2,22.9,-0.6
19.1,31.5,11.3,22.7,-0.6
19.1,31.5,11.3,22.5,-0.5
19.1,31.5,11.3,22.4,-0.5
19.2,31.6,11.5,22.2,-0.5
19.2,31.6,11.5,22.0,-0.4
19.3,31.6,11.5,21.8,-0.4
19.3,31.6,11.6,21.6,-0.3
19.3,31.6,11.6,21.4,-0.3
19.4,31.6,11.6,21.1,-0.2
19.4,31.6,11.7,20.9,-0.2
19.5,31.6,11.7,20.6,-0.1
19.5,31.6,11.7,20.4,-0.1
19.5,31.6,11.9,20.1,-0.0
19.6,31.6,11.9,19.8,0.0
19.6,31.6,11.9,19.5,0.1
19.7,31.6,11.9,19.2,0.1
19.7,31.7,11.9,18.9,0.2
19.7,31.7,12.1,18.6,0.2
19.8,31.7,12.1,18.2,0.3
19.8,31.7,12.1,17.9,0.3
19.9,31.7,12.2,17.5,0.4
19.9,31.7,12.2,17.2,0.4
19.9,31.8,12.2,16.8,0.5
20.0,31.8,12.3,16.4,0.5
20.0,31.8,12.3,16.0,0.6
20.1,31.8,12.3,15.6,0.6
20.1,31.8,12.3,15.3,0.7
20.1,31.9,12.3,14.8,0.7
20.2,31.9,12.3,14.4,0.7
20.2,31.9,12.4,14.0,0.8
20.3,31.9,12.4,13.6,0.8
20.3,31.9,12.5,13.1,0.8
20.3,32.0,12.5,12.7,0.9
20.4,32.0,12.5,12.2,0.9
20.4,32.0,12.6,11.8,0.9
20.5,32.0,12.6,11.3,0.9
20.5,32.1,12.6,10.9,0.9
20.5,32.1,12.7,10.4,0.9
20.6,32.1,12.7,9.9,0.9
20.6,32.2,12.7,9.5,0.9
20.7,32.2,12.8,9.0,0.9
20.7,32.2,12.8,8.5,0.9
20.7,32.2,12.8,8.0,0.9
20.8,32.3,12.8,7.5,0.9
20.8,32.3,12.8,7.1,0.9
20.9,32.3,12.8,6.6,0.8
20.9,32.4,12.8,6.1,0.8
20.9,32.4,12.8,5.6,0.8
21.0,32.4,12.8,5.2,0.7
21.0,32.5,12.8,4.7,0.7
21.1,32.5,12.8,4.2,0.6
21.1,32.5,12.9,3.7,0.6
21.1,32.5,12.9,3.2,0.5
21.2,32.6,12.9,2.8,0.4
21.2,32.6,13.0,2.4,0.4
21.3,32.6,13.0,1.9,0.3
21.3,32.7,13.0,1.5,0.2
21.3,32.7,13.0,1.0,0.1
21.4,32.7,13.0,0.6,0.0
21.4,32.7,13.1,0.1,-0.1
21.5,32.8,13.1,-0.3,-0.2
21.5,32.8,13.1,-0.7,-0.3
21.5,32.8,13.2,-1.1,-0.4
21.6,32.8,13.2,-1.5,-0.5
21.6,32.9,13.2,-1.9,-0.6
21.7,32.9,13.3,-2.3,-0.7
21.7,32.9,13.3,-2.7,-0.9
21.7,32.9,13.3,-3.1,-1.0
21.8,32.9,13.3,-3.4,-1.1
21.8,32.9,13.3,-3.8,-1.2
21.9,33.0,13.3,-4.1,-1.4
21.9,33.0,13.4,-4.5,-1.5
21.9,33.0,13.4,-4.8,-1.6
22.0,33.0,13.4,-5.1,-1.8
22.0,33.0,13.4,-5.5,-1.9
22.1,33.0,13.4,-5.8,-2.0
22.1,33.0,13.5,-6.1,-2.2
22.1,33.0,13.5,-6.4,-2.3
22.2,33.0,13.5,-6.7,-2.4
22.2,33.0,13.6,-7.0,-2.5
22.3,33.0,13.6,-7.2,-2.6
22.3,33.0,13.6,-7.5,-2.8
22.3,33.0,13.6,-7.8,-2.9
22.4,33.0,13.6,-8.0,-3.0
22.4,33.0,13.6,-8.3,-3.1
22.5,33.0,13.7,-8.5,-3.2
22.5,33.0,13.7,-8.7,-3.3
22.5,33.0,13.7,-9.0,-3.4
22.6,33.0,13.8,-9.2,-3.4
22.6,33.0,13.8,-9.5,-3.4
22.7,32.9,13.9,-9.9,-3.4
22.7,32.9,13.9,-10.4,-3.4
22.7,32.9,13.9,-10.9,-3.4
22.8,32.9,14.0,-11.5,-3.3
22.8,32.9,14.0,-12.2,-3.3
22.9,32.9,14.0,-12.9,-3.3
22.9,32.9,14.1,-13.6,-3.2
22.9,32.9,14.1,-14.5,-3.2
23.0,32.8,14.1,-15.2,-3.1
23.0,32.8,14.2,-16.1,-3.0
23.1,32.8,14.2,-16.9,-2.9
23.1,32.8,14.2,-17.7,-2.8
23.1,32.8,14.2,-18.5,-2.8
23.2,32.8,14.2,-19.4,-2.7
23.2,32.7,14.3,-20.1,-2.7
23.3,32.7,14.3,-20.9,-2.7
23.3,32.7,14.3,-21.7,-2.7
23.3,32.7,14.4,-22.4,-2.8
23.4,32.7,14.4,-23.2,-2.8
23.4,32.7,14.4,-24.0,-2.9
23.5,32.6,14.4,-24.7,-3.0
23.5,32.6,14.4,-25.4,-3.2
23.5,32.6,14.4,-26.1,-3.4
23.6,32.6,14.4,-26.7,-3.6
23.6,32.5,14.4,-27.4,-3.8
23.7,32.5,14.4,-28.0,-4.1
23.7,32.5,14.6,-28.6,-4.4
23.7,32.4,14.6,-29.2,-4.7
23.8,32.4,14.6,-29.8,-5.0
23.8,32.4,14.6,-30.2,-5.3
23.9,32.3,14.6,-30.7,-5.6
23.9,32.3,14.6,-31.2,-5.9
23.9,32.2,14.6,-31.6,-6.2
24.0,32.1,14.6,-32.0,-6.5
24.0,32.1,14.8,-32.4,-6.8
24.1,32.0,14.8,-32.8,-7.2
24.1,31.9,14.8,-33.2,-7.5
24.1,31.9,14.9,-33.5,-7.8
24.2,31.8,14.9,-33.8,-8.2
24.2,31.7,14.9,-34.1,-8.5
24.3,31.6,15.0,-34.5,-8.9
24.3,31.5,15.0,-34.8,-9.2
24.3,31.5,15.0,-35.0,-9.6
24.4,31.4,15.1,-35.3,-10.0
24.4,31.3,15.1,-35.6,-10.3
24.5,31.2,15.3,-35.8,-10.7
24.5,31.0,15.3,-36.1,-11.0
24.5,30.9,15.3,-36.3,-11.4
24.6,30.8,15.5,-36.5,-11.7
24.6,30.7,15.5,-36.7,-12.1
24.7,30.5,15.5,-36.9,-12.4
24.7,30.4,15.7,-37.0,-12.8
24.7,30.3,15.7,-37.2,-13.1
24.8,30.1,15.7,-37.4,-13.5
24.8,30.0,15.9,-37.5,-13.8
24.9,29.9,15.9,-37.7,-14.1
24.9,29.7,15.9,-37.8,-14.4
24.9,29.5,16.1,-38.0,-14.8
25.0,29.4,16.1,-38.1,-15.1
25.0,29.2,16.4,-38.2,-15.4
25.1,29.0,16.4,-38.3,-15.7
25.1,28.9,16.4,-38.5,-16.0
25.1,28.7,16.7,-38.6,-16.3
25.2,28.5,16.7,-38.7,-16.6
25.2,28.3,16.7,-38.8,-16.9
25.3,28.1,17.0,-38.9,-17.2
25.3,27.9,17.0,-39.0,-17.4
25.3,27.7,17.0,-39.1,-17.7
25.4,27.5,17.4,-39.2,-18.0
25.4,27.2,17.4,-39.3,-18.2
25.5,27.0,17.4,-39.4,-18.5
25.5,26.8,17.8,-39.4,-18.7
25.5,26.6,17.8,-39.5,-18.9
25.6,26.3,17.8,-39.5,-19.1
25.6,26.1,18.2,-39.5,-19.2
25.7,25.8,18.2,-39.6,-19.4
25.7,25.6,18.6,-39.6,-19.5
25.7,25.3,18.6,-39.6,-19.6
25.8,25.1,18.6,-39.6,-19.7
25.8,24.8,19.0,-39.6,-19.8
25.9,24.5,19.0,-39.5,-19.9
25.9,24.3,19.0,-39.5,-19.9
25.9,24.0,19.5,-39.5,-20.0
26.0,23.7,19.5,-39.5,-20.0
26.0,23.5,19.5,-39.5,-20.0
26.1,23.2,19.9,-39.4,-20.0
26.1,22.9,19.9,-39.4,-20.0
26.1,22.6,19.9,-39.4,-20.0
26.2,22.4,20.3,-39.3,-19.9
26.2,22.1,20.3,-39.3,-19.9
26.3,21.8,20.7,-39.3,-19.8
26.3,21.5,20.7,-39.3,-19.7
26.3,21.2,20.7,-39.2,-19.6
26.4,20.9,21.1,-39.2,-19.5
26.4,20.6,21.1,-39.2,-19.4
26.5,20.3,21.1,-39.1,-19.3
26.5,20.1,21.4,-39.1,-19.2
26.5,19.8,21.4,-39.1,-19.0
26.6,19.5,21.4,-39.1,-18.9
26.6,19.2,21.8,-39.0,-18.7
26.7,19.0,21.8,-39.0,-18.5
26.7,18.7,21.8,-39.0,-18.4
26.7,18.4,22.1,-39.0,-18.2
26.8,18.1,22.1,-39.0,-18.0
26.8,17.8,22.5,-39.0,-17.8
26.9,17.6,22.5,-38.9,-17.6
26.9,17.3,22.5,-38.9,-17.4
26.9,17.0,22.8,-39.0,-17.2
27.0,16.8,22.8,-39.0,-17.0
27.0,16.5,22.8,-39.0,-16.8
27.1,16.2,23.0,-39.0,-16.5
27.1,16.0,23.0,-39.1,-16.3
27.1,15.7,23.0,-39.1,-16.1
27.2,15.5,23.3,-39.2,-15.8
27.2,15.2,23.3,-39.3,-15.6
27.3,15.0,23.3,-39.3,-15.4
27.3,14.7,23.5,-39.4,-15.1
27.3,14.5,23.5,-39.4,-14.9
27.4,14.2,23.5,-39.4,-14.6
27.4,14.0,23.7,-39.5,-14.4
27.5,13.8,23.7,-39.5,-14.2
27.5,13.6,23.9,-39.6,-13.9
27.5,13.3,23.9,-39.6,-13.7
27.6,13.1,23.9,-39.7,-13.4
27.6,12.9,24.1,-39.8,-13.2
27.7,12.7,24.1,-39.8,-12.9
27.7,12.5,24.1,-39.9,-12.7
27.7,12.3,24.2,-40.0,-12.4
27.8,12.1,24.2,-40.0,-12.2
27.8,11.9,24.2,-40.1,-11.9
27.9,11.7,24.4,-40.2,-11.6
27.9,11.5,24.4,-40.3,-11.4
27.9,11.3,24.4,-40.4,-11.2
28.0,11.1,24.5,-40.5,-10.9
28.0,10.9,24.5,-40.5,-10.7
28.1,10.8,24.6,-40.6,-10.4
28.1,10.6,24.6,-40.7,-10.2
28.1,10.4,24.6,-40.7,-9.9
28.2,10.3,24.7,-40.8,-9.7
28.2,10.1,24.7,-40.9,-9.4
28.3,10.0,24.7,-41.0,-9.2
28.3,9.8,24.8,-41.0,-9.0
28.3,9.7,24.8,-41.1,-8.7
28.4,9.5,24.8,-41.2,-8.5
31.4,9.4,24.8,-41.3,-8.3
31.4,9.3,24.8,-41.3,-8.0
31.4,9.2,24.8,-41.3,-7.8
31.5,9.0,24.8,-41.3,-7.6
31.5,8.9,24.8,-41.3,-7.4
31.6,8.8,24.9,-41.3,-7.2
31.6,8.7,24.9,-41.3,-7.0
31.6,8.6,24.9,-41.3,-6.8
31.7,8.5,24.9,-41.2,-6.6
31.7,8.4,24.9,-41.1,-6.4
31.7,8.3,24.9,-41.0,-6.2
31.8,8.2,24.8,-40.9,-6.0
31.8,8.1,24.8,-40.7,-5.8
31.9,8.0,24.8,-40.5,-5.6
31.9,8.0,24.8,-40.3,-5.4
32.0,7.9,24.8,-40.1,-5.2
32.0,7.8,24.8,-39.8,-4.9
32.0,7.7,24.8,-39.6,-4.7
32.1,7.7,24.8,-39.3,-4.5
32.1,7.6,24.8,-39.0,-4.3
32.2,7.6,24.8,-38.6,-4.1
32.2,7.5,24.8,-38.2,-3.9
32.2,7.5,24.7,-37.8,-3.6
32.3,7.4,24.7,-37.4,-3.4
32.3,7.4,24.7,-37.0,-3.2
32.3,7.3,24.6,-36.6,-2.9
32.4,7.3,24.6,-36.3,-2.6
32.4,7.3,24.6,-36.0,-2.4
32.5,7.3,24.5,-35.8,-2.0
32.5,7.2,24.5,-35.7,-1.7
32.6,7.2,24.5,-35.6,-1.4
32.6,7.2,24.4,-35.6,-1.1
32.6,7.2,24.4,-35.6,-0.8
32.7,7.2,24.4,-35.6,-0.5
32.7,7.3,24.3,-35.8,-0.1
32.8,7.3,24.3,-35.9,0.1
32.8,7.3,24.2,-36.1,0.4
32.8,7.3,24.2,-36.3,0.7
32.9,7.4,24.2,-36.6,1.0
32.9,7.4,24.1,-36.9,1.2
32.9,7.4,24.1,-37.2,1.5
33.0,7.5,24.1,-37.4,1.7
33.0,7.5,23.9,-37.7,1.9
33.1,7.6,23.9,-38.1,2.2
33.1,7.6,23.9,-38.4,2.4
33.2,7.7,23.8,-38.7,2.6
33.2,7.7,23.8,-39.0,2.8
33.2,7.8,23.8,-39.3,2.9
33.3,7.9,23.6,-39.6,3.1
33.3,7.9,23.6,-39.9,3.3
33.3,8.0,23.5,-40.2,3.4
33.4,8.1,23.5,-40.5,3.5
33.4,8.2,23.5,-40.8,3.6
33.5,8.2,23.3,-41.1,3.7
33.5,8.3,23.3,-41.3,3.8
33.6,8.4,23.3,-41.6,3.9
33.6,8.5,23.1,-41.9,4.0
33.6,8.5,23.1,-42.1,4.0
33.7,8.6,23.1,-42.3,4.1
33.7,8.7,22.9,-42.6,4.1
33.7,8.8,22.9,-42.8,4.1
33.8,8.9,22.9,-43.0,4.1
33.8,8.9,22.7,-43.2,4.1
33.9,9.0,22.7,-43.3,4.1
33.9,9.1,22.7,-43.5,4.1
33.9,9.2,22.5,-43.7,4.1
34.0,9.2,22.5,-43.8,4.0
34.0,9.3,22.3,-44.0,4.0
34.1,9.4,22.3,-44.1,3.9
34.1,9.5,22.3,-44.2,3.8
34.2,9.5,22.2,-44.4,3.8
34.2,9.6,22.2,-44.5,3.7
34.2,9.7,22.2,-44.6,3.6
34.3,9.8,22.0,-44.7,3.5
34.3,9.8,22.0,-44.7,3.4
34.3,9.9,22.0,-44.8,3.2
34.4,9.9,21.9,-44.9,3.1
34.4,10.0,21.9,-44.9,3.0
34.5,10.1,21.9,-45.0,2.8
34.5,10.1,21.7,-45.0,2.6
34.5,10.2,21.7,-45.1,2.5
34.6,10.2,21.6,-45.1,2.3
34.6,10.3,21.6,-45.1,2.1
34.7,10.3,21.6,-45.1,2.0
34.7,10.4,21.4,-45.1,1.8
34.8,10.4,21.4,-45.0,1.5
34.8,10.4,21.4,-45.0,1.4
34.8,10.5,21.3,-44.9,1.1
34.9,10.5,21.3,-44.9,0.9
34.9,10.5,21.3,-44.8,0.7
34.9,10.6,21.2,-44.7,0.5
35.0,10.6,21.2,-44.6,0.2
35.0,10.6,21.2,-44.5,0.0
35.1,10.6,21.1,-44.3,-0.2
35.1,10.6,21.1,-44.2,-0.5
35.1,10.7,21.0,-44.0,-0.7
35.2,10.7,21.0,-43.8,-0.9
35.2,10.7,21.0,-43.6,-1.2
35.3,10.7,20.9,-43.4,-1.4
35.3,10.7,20.9,-43.2,-1.7
35.4,10.7,20.9,-43.0,-1.9
35.4,10.6,20.9,-42.8,-2.2
35.4,10.6,20.9,-42.5,-2.4
35.5,10.6,20.9,-42.3,-2.7
35.5,10.6,20.8,-42.0,-2.9
35.5,10.6,20.8,-41.7,-3.2
35.6,10.5,20.8,-41.4,-3.4
35.6,10.5,20.7,-41.2,-3.7
35.7,10.4,20.7,-40.9,-3.9
35.7,10.4,20.7,-40.5,-4.2
35.8,10.4,20.7,-40.2,-4.4
35.8,10.3,20.7,-39.9,-4.6
35.8,10.3,20.7,-39.5,-4.9
35.9,10.2,20.7,-39.1,-5.1
35.9,10.1,20.7,-38.8,-5.3
35.9,10.1,20.7,-38.4,-5.6
36.0,10.0,20.7,-38.0,-5.8
36.0,9.9,20.7,-37.6,-6.0
36.1,9.9,20.7,-37.2,-6.2
36.1,9.8,20.7,-36.8,-6.4
36.1,9.7,20.7,-36.3,-6.6
36.2,9.6,20.8,-35.9,-6.8
36.2,9.5,20.8,-35.4,-7.0
36.3,9.5,20.8,-35.0,-7.2
36.3,9.4,20.8,-34.5,-7.4
36.4,9.3,20.8,-34.0,-7.6
36.4,9.2,20.8,-33.5,-7.7
36.4,9.1,20.8,-33.0,-7.9
36.5,9.0,20.8,-32.5,-8.1
36.5,8.9,20.8,-32.0,-8.2
36.5,8.8,20.8,-31.4,-8.4
36.6,8.7,20.8,-30.9,-8.5
36.6,8.6,20.9,-30.3,-8.6
36.7,8.5,20.9,-29.7,-8.8
36.7,8.3,20.9,-29.2,-8.9
36.7,8.2,20.9,-28.6,-9.0
36.8,8.1,20.9,-28.0,-9.1
36.8,8.0,20.9,-27.4,-9.2
36.9,7.9,21.0,-26.8,-9.3
36.9,7.8,21.0,-26.1,-9.4
37.0,7.6,21.0,-25.5,-9.4
37.0,7.5,21.0,-24.8,-9.5
37.0,7.4,21.0,-24.1,-9.6
37.1,7.3,21.1,-23.5,-9.6
37.1,7.2,21.1,-22.8,-9.7
37.1,7.0,21.1,-22.1,-9.7
37.2,6.9,21.1,-21.4,-9.7
37.2,6.8,21.1,-20.7,-9.8
37.3,6.7,21.1,-20.0,-9.8
37.3,6.5,21.2,-19.3,-9.8
37.3,6.4,21.2,-18.6,-9.8
37.4,6.3,21.2,-17.8,-9.8
37.4,6.2,21.2,-17.1,-9.8
37.5,6.0,21.2,-16.4,-9.8
37.5,5.9,21.2,-15.6,-9.8
37.6,5.8,21.3,-14.9,-9.7
37.6,5.6,21.3,-14.1,-9.7
37.6,5.5,21.3,-13.3,-9.7
37.7,5.4,21.3,-12.5,-9.6
37.7,5.3,21.3,-11.8,-9.6
37.7,5.1,21.4,-10.9,-9.5
37.8,5.0,21.4,-10.2,-9.5
37.8,4.9,21.4,-9.4,-9.4
37.9,4.8,21.5,-8.6,-9.3
37.9,4.6,21.5,-7.9,-9.3
38.0,4.5,21.5,-7.2,-9.2
38.0,4.4,21.5,-6.4,-9.1
38.0,4.3,21.5,-5.7,-9.0
38.1,4.2,21.5,-4.9,-9.0
38.1,4.0,21.6,-4.1,-8.9
38.2,3.9,21.6,-3.4,-8.8
38.2,3.8,21.6,-2.6,-8.7
38.2,3.7,21.6,-1.9,-8.6
38.3,3.6,21.6,-1.2,-8.5
38.3,3.5,21.6,-0.5,-8.4
38.3,3.4,21.6,0.3,-8.3
38.4,3.2,21.6,1.0,-8.2
38.4,3.1,21.6,1.7,-8.1
38.5,3.0,21.6,2.4,-8.1
38.5,2.9,21.6,3.0,-8.0
38.6,2.8,21.6,3.7,-7.9
38.6,2.7,21.6,4.4,-7.8
38.6,2.6,21.6,5.0,-7.7
38.7,2.5,21.7,5.7,-7.6
38.7,2.4,21.7,6.3,-7.5
38.8,2.3,21.7,6.9,-7.5
38.8,2.2,21.7,7.5,-7.4
38.8,2.1,21.7,8.2,-7.3
38.9,2.0,21.7,8.7,-7.2
38.9,1.9,21.7,9.3,-7.2
38.9,1.8,21.7,9.9,-7.1
39.0,1.7,21.7,10.4,-7.1
39.0,1.6,21.7,10.9,-7.0
39.1,1.6,21.7,11.5,-7.0
39.1,1.5,21.7,12.0,-6.9
39.2,1.4,21.7,12.5,-6.9
39.2,1.3,21.7,13.0,-6.9
39.2,1.2,21.7,13.4,-6.9
39.3,1.1,21.7,13.8,-6.9
39.3,1.0,21.7,14.3,-6.8
39.4,0.9,21.7,14.7,-6.8
39.4,0.8,21.7,15.1,-6.8
39.4,0.7,21.7,15.6,-6.8
39.5,0.6,21.7,16.1,-6.8
39.5,0.5,21.7,16.7,-6.8
39.5,0.5,21.7,17.4,-6.9
39.6,0.4,21.7,18.1,-6.9
39.6,0.3,21.7,18.9,-6.9
39.7,0.2,21.6,19.7,-6.9
39.7,0.1,21.6,15.9,-1.9
39.7,0.0,21.6,10.9,-1.5
39.8,0.0,21.4,9.3,-1.2
39.8,0.0,21.4,10.0,-1.2
39.9,0.0,21.4,12.0,-1.6
39.9,0.0,21.1,15.1,-2.3
40.0,0.0,21.1,17.9,-2.6
40.0,0.0,20.8,20.4,-2.2
40.0,0.0,20.8,22.1,-1.1
40.1,0.1,20.8,23.1,0.2
40.1,0.1,20.6,23.5,1.5
40.1,0.1,20.6,23.8,2.5
40.2,0.1,20.6,24.0,2.9
40.2,0.1,20.5,24.4,2.8
40.3,0.1,20.5,25.2,2.3
40.3,0.1,20.5,26.2,1.5
40.3,0.1,20.3,27.5,0.4
40.4,0.1,20.3,29.1,-0.8
40.4,0.1,20.3,30.6,-1.8
40.5,0.0,20.2,31.4,-1.9
40.5,0.0,20.2,31.4,-1.4
40.6,0.0,20.0,31.7,-1.7
40.6,0.0,20.0,32.4,-2.2
40.6,0.0,20.0,33.2,-2.4
40.7,0.0,19.8,33.8,-2.4
40.7,0.0,19.8,34.3,-2.0
40.7,0.0,19.8,34.6,-1.5
40.8,0.0,19.6,34.7,-1.0
40.8,0.0,19.6,34.8,-0.5
40.9,0.0,19.6,34.9,-0.2
40.9,0.0,19.5,34.8,-0.2
40.9,0.0,19.5,34.9,-0.2
41.0,0.0,19.5,35.1,-0.2
41.0,0.0,19.3,35.2,-0.3
41.1,0.0,19.3,35.4,-0.3
41.1,0.0,19.3,35.6,-0.3
41.2,0.0,19.1,35.8,-0.3
41.2,0.0,19.1,35.9,-0.3
41.2,0.0,18.9,36.1,-0.3
41.3,0.0,18.9,36.1,-0.3
41.3,0.0,18.9,36.2,-0.3
41.3,0.0,18.6,36.2,-0.3
41.4,0.0,18.6,36.2,-0.3
41.4,0.0,18.6,36.2,-0.3
41.5,0.0,18.3,36.2,-0.4
41.5,0.1,18.3,36.2,-0.4
41.6,0.1,18.3,36.1,-0.4
41.6,0.1,18.1,36.0,-0.4
41.6,0.1,18.1,36.0,-0.4
41.7,0.1,18.1,35.9,-0.4
41.7,0.1,17.9,35.7,-0.4
41.8,0.1,17.9,35.6,-0.4
41.8,0.1,17.7,35.5,-0.4
41.8,0.1,17.7,35.3,-0.4
41.9,0.1,17.7,35.2,-0.4
41.9,0.1,17.4,35.0,-0.4
41.9,0.1,17.4,34.8,-0.4
42.0,0.1,17.4,34.7,-0.4
42.0,0.1,17.2,34.5,-0.4
42.1,0.1,17.2,34.4,-0.4
42.1,0.1,17.2,34.3,-0.4
42.2,0.1,17.0,34.2,-0.4
42.2,0.1,17.0,34.0,-0.4
42.2,0.1,17.0,33.9,-0.4
42.3,0.1,16.7,33.8,-0.4
42.3,0.1,16.7,33.7,-0.4
42.3,0.1,16.5,33.7,-0.4
42.4,0.1,16.5,33.6,-0.4
42.4,0.1,16.5,33.5,-0.4
42.5,0.1,16.3,33.4,-0.4
42.5,0.1,16.3,33.4,-0.4
42.6,0.1,16.3,33.2,-0.5
42.6,0.1,16.1,33.1,-0.5
42.6,0.1,16.1,33.0,-0.6
42.7,0.1,16.1,32.8,-0.7
42.7,0.1,15.9,32.7,-0.8
42.7,0.1,15.9,32.5,-0.9
42.8,0.1,15.9,32.3,-1.1
42.8,0.1,15.7,32.1,-1.3
42.9,0.1,15.7,31.8,-1.5
42.9,0.1,15.7,31.6,-1.8
42.9,0.1,15.5,31.3,-2.0
43.0,0.1,15.5,31.0,-2.3
43.0,0.1,15.4,30.7,-2.7
43.1,0.1,15.4,30.4,-3.0
43.1,0.1,15.4,30.2,-3.4
43.2,0.1,15.2,29.9,-3.8
43.2,0.1,15.2,29.6,-4.2
43.2,0.1,15.2,29.4,-4.6
43.3,0.1,14.9,29.1,-4.9
43.3,0.1,14.9,28.9,-5.2
43.3,0.1,14.9,28.7,-5.5
43.4,0.1,14.7,28.5,-5.8
43.4,0.1,14.7,28.3,-6.0
43.5,0.1,14.7,28.1,-6.1
43.5,0.1,14.5,27.9,-6.2
43.6,0.1,14.5,27.7,-6.2
43.6,0.1,14.3,27.5,-6.3
43.6,0.1,14.3,27.2,-6.2
43.7,0.1,14.3,27.0,-6.2
43.7,0.1,14.0,26.7,-6.2
43.7,0.1,14.0,26.5,-6.1
43.8,0.1,14.0,26.2,-6.0
43.8,0.1,13.8,25.9,-5.9
43.9,0.1,13.8,25.7,-5.9
43.9,0.1,13.8,25.4,-5.8
43.9,0.1,13.6,25.2,-5.8
44.0,0.1,13.6,24.9,-5.8
44.0,0.1,13.6,24.7,-5.8
44.1,0.1,13.3,24.5,-5.8
44.1,0.1,13.3,24.3,-5.8
44.2,0.1,13.1,24.1,-5.8
44.2,0.1,13.1,23.9,-5.9
44.2,0.1,13.1,23.7,-5.9
44.3,0.1,12.8,23.5,-6.0
44.3,0.1,12.8,23.3,-6.0
44.3,0.1,12.8,23.1,-6.1
44.4,0.1,12.6,22.9,-6.1
44.4,0.1,12.6,22.7,-6.1
44.5,0.1,12.6,22.4,-6.2
44.5,0.1,12.4,22.2,-6.2
44.5,0.1,12.4,21.9,-6.3
44.6,0.1,12.4,21.6,-6.3
44.6,0.1,12.1,21.3,-6.3
44.7,0.1,12.1,20.9,-6.4
44.7,0.1,12.1,20.5,-6.4
44.8,0.1,11.8,20.2,-6.5
44.8,0.1,11.8,19.7,-6.5
44.8,0.1,11.6,19.2,-6.7
44.9,0.1,11.6,18.8,-6.8
44.9,0.1,11.6,18.2,-7.0
44.9,0.1,11.3,17.6,-7.2
45.0,0.1,11.3,17.0,-7.4
45.0,0.1,11.3,16.4,-7.7
45.1,0.1,11.0,15.7,-8.1
45.1,0.1,11.0,15.0,-8.5
45.1,0.1,11.0,14.2,-9.0
45.2,0.1,10.8,13.4,-9.5
45.2,0.1,10.8,12.6,-10.1
45.3,0.1,10.8,11.7,-10.8
45.3,0.1,10.5,10.7,-11.7
45.4,0.1,10.5,9.8,-12.7
45.4,0.1,10.2,8.8,-13.8
45.4,0.1,10.2,7.8,-15.5
45.5,0.1,10.2,6.8,-17.3
45.5,0.1,9.9,5.6,-20.2
45.6,0.1,9.9,3.4,-24.6
45.6,0.1,9.9,0.1,-28.4
45.6,0.1,9.6,-0.2,-28.0
45.7,0.1,9.6,-0.3,-22.7
45.7,0.1,9.6,-0.3,-15.1
45.7,0.1,9.1,-0.2,-4.5
45.8,0.1,9.1,-0.4,0.1
45.8,0.1,9.1,-0.3,0.2
45.9,0.1,8.3,-0.2,0.3
45.9,0.1,8.3,-0.2,0.4
46.0,0.1,7.4,-0.2,0.4
46.0,0.1,7.4,-0.2,0.4
46.0,0.1,7.4,-0.2,0.4
46.1,0.1,6.6,-0.2,0.4
46.1,0.1,6.6,-0.1,0.4
46.2,0.1,6.6,-0.1,0.4
46.2,0.1,5.9,-0.1,0.4
46.2,0.1,5.9,-0.0,0.4
46.3,0.1,5.9,0.0,0.4
46.3,0.1,5.2,0.0,0.4
46.3,0.1,5.2,0.1,0.4
46.4,0.1,5.2,0.1,0.5
46.4,0.1,4.6,0.1,0.5
46.5,0.1,4.6,0.1,0.4
46.5,0.1,4.6,0.1,0.1
46.6,0.1,4.1,0.2,0.1
46.6,0.1,4.1,0.3,0.1
46.6,0.1,3.5,0.4,0.1
46.7,0.1,3.5,0.7,0.1
46.7,0.1,3.5,1.0,0.1
46.8,0.1,3.2,1.3,0.3
46.8,0.1,3.2,1.5,0.5
46.8,0.1,3.2,1.8,0.8
46.9,0.1,3.0,1.9,1.1
46.9,0.1,3.0,2.0,1.3
46.9,0.1,3.0,2.1,1.5
47.0,0.1,3.2,2.2,1.7
47.0,0.1,3.2,2.2,1.9
47.1,0.1,3.2,2.1,2.0
47.1,0.1,3.2,2.1,2.2
47.2,0.1,3.2,2.0,2.4
47.2,0.2,3.6,1.9,2.5
47.2,0.2,3.6,1.7,2.7
47.3,0.2,3.6,1.6,2.9
47.3,0.2,4.0,1.5,3.2
47.4,0.3,4.0,1.3,3.4
47.4,0.3,4.0,1.2,3.6
47.4,0.3,4.3,1.0,3.9
47.5,0.4,4.3,0.9,4.2
47.5,0.4,4.3,0.8,4.4
47.5,0.5,4.7,0.7,4.7
47.6,0.5,4.7,0.6,5.0
47.6,0.6,4.7,0.5,5.3
47.7,0.6,4.9,0.5,5.7
47.7,0.7,4.9,0.4,6.0
47.8,0.7,5.3,0.4,6.3
47.8,0.8,5.3,0.4,6.6
47.8,0.9,5.3,0.5,7.0
47.9,1.0,5.8,0.5,7.3
47.9,1.0,5.8,0.5,7.5
48.0,1.1,5.8,0.6,7.8
48.0,1.2,6.1,0.6,8.1
48.0,1.3,6.1,0.7,8.3
48.1,1.4,6.1,0.7,8.6
48.1,1.5,6.4,0.7,8.7
48.1,1.5,6.4,0.8,8.9
48.2,1.6,6.4,0.8,9.1
48.2,1.7,6.7,0.8,9.3
48.3,1.8,6.7,0.7,9.4
48.3,1.9,6.7,0.7,9.5
48.4,2.0,7.0,0.6,9.6
48.4,2.1,7.0,0.5,9.7
48.4,2.2,7.2,0.4,9.8
48.5,2.3,7.2,0.3,9.8
48.5,2.4,7.2,0.2,9.9
48.6,2.5,7.5,-0.0,9.9
48.6,2.6,7.5,-0.2,9.9
48.6,2.7,7.5,-0.4,9.8
48.7,2.8,7.7,-0.6,9.8
48.7,2.9,7.7,-0.7,9.7
48.7,3.0,7.7,-0.9,9.7
48.8,3.1,7.8,-1.1,9.6
48.8,3.2,7.8,-1.3,9.5
48.9,3.3,7.8,-1.5,9.4
48.9,3.4,8.0,-1.7,9.3
49.0,3.6,8.0,-1.8,9.2
49.0,3.6,8.3,-2.0,9.1
49.0,3.8,8.3,-2.1,9.0
49.1,3.9,8.3,-2.2,8.9
49.1,4.0,8.5,-2.4,8.9
49.2,4.1,8.5,-2.5,8.8
49.2,4.2,8.5,-2.6,8.7
49.2,4.3,8.6,-2.7,8.6
49.3,4.4,8.6,-2.7,8.5
49.3,4.5,8.6,-2.8,8.4
49.3,4.6,8.8,-2.9,8.4
49.4,4.7,8.8,-2.9,8.3
49.4,4.8,8.8,-3.0,8.2
49.5,4.9,9.0,-3.0,8.1
49.5,5.0,9.0,-3.0,8.1
49.6,5.1,9.3,-3.1,8.0
49.6,5.2,9.3,-3.1,7.9
49.6,5.3,9.3,-3.1,7.8
49.7,5.4,9.5,-3.1,7.8
49.7,5.5,9.5,-3.2,7.7
49.7,5.6,9.5,-3.2,7.6
49.8,5.7,9.8,-3.2,7.6
49.8,5.8,9.8,-3.2,7.5
49.9,5.9,9.8,-3.2,7.4
49.9,6.0,10.0,-3.3,7.4
50.0,6.1,10.0,-3.3,7.3
50.0,6.2,10.0,-3.3,7.2
50.0,6.3,10.2,-3.3,7.1
50.1,6.4,10.2,-3.3,7.1
50.1,6.5,10.2,-3.3,7.0
50.2,6.6,10.5,-3.4,6.9
50.2,6.7,10.5,-3.4,6.9
50.2,6.8,10.8,-3.4,6.8
50.3,6.9,10.8,-3.4,6.7
50.3,7.0,10.8,-3.4,6.7
50.3,7.1,11.0,-3.4,6.6
50.4,7.2,11.0,-3.4,6.6
50.4,7.3,11.0,-3.4,6.6
50.5,7.4,11.3,-3.4,6.6
50.5,7.5,11.3,-3.4,6.5
50.6,7.5,11.3,-3.4,6.5
50.6,7.6,11.4,-3.4,6.5
50.6,7.7,11.4,-3.3,6.5
50.7,7.8,11.4,-3.3,6.5
50.7,7.9,11.6,-3.3,6.5
50.8,8.0,11.6,-3.3,6.5
50.8,8.1,11.8,-3.3,6.5
50.8,8.2,11.8,-3.3,6.5
50.9,8.3,11.8,-3.3,6.5
50.9,8.4,12.0,-3.3,6.5
50.9,8.5,12.0,-3.3,6.5
51.0,8.6,12.0,-3.4,6.5
51.0,8.7,12.3,-3.4,6.5
51.1,8.8,12.3,-3.5,6.5
51.1,8.9,12.3,-3.6,6.5
51.2,9.0,12.5,-3.7,6.5
51.2,9.1,12.5,-3.8,6.5
51.2,9.2,12.5,-4.0,6.5
51.3,9.3,12.6,-4.1,6.6
51.3,9.4,12.6,-4.3,6.6
51.4,9.5,12.8,-4.5,6.6
51.4,9.6,12.8,-4.7,6.6
51.4,9.7,12.8,-4.9,6.6
51.5,9.8,13.0,-5.1,6.6
51.5,9.9,13.0,-5.3,6.6
51.6,10.0,13.0,-5.5,6.6
51.6,10.2,13.2,-5.8,6.6
51.6,10.2,13.2,-6.0,6.6
51.7,10.4,13.2,-6.3,6.6
51.7,10.5,13.3,-6.5,6.6
51.8,10.6,13.3,-6.7,6.6
51.8,10.7,13.3,-6.8,6.6
51.8,10.8,13.4,-6.8,6.6
51.9,10.9,13.4,-6.6,6.6
51.9,11.0,13.4,-6.2,6.5
52.0,11.1,13.6,-5.8,6.5
52.0,11.2,13.6,-5.2,6.5
52.0,11.3,13.8,-4.4,6.4
52.1,11.4,13.8,-3.7,6.4
52.1,11.5,13.8,-2.9,6.4
52.2,11.6,13.9,-1.9,6.3
52.2,11.7,13.9,-1.0,6.3
52.2,11.8,13.9,-0.1,6.2
52.3,11.9,14.0,1.0,6.2
52.3,12.0,14.0,1.9,6.2
52.4,12.1,14.0,3.0,6.1
52.4,12.2,14.1,4.1,6.1
52.4,12.3,14.1,5.0,6.1
52.5,12.4,14.1,6.1,6.0
52.5,12.5,14.2,7.2,6.0
52.6,12.6,14.2,8.2,6.0
52.6,12.7,14.4,9.2,5.9
52.6,12.8,14.4,10.3,5.9
52.7,12.9,14.4,11.2,5.8
52.7,13.0,14.5,12.2,5.7
52.8,13.1,14.5,13.3,5.6
52.8,13.2,14.5,14.1,5.6
52.8,13.3,14.5,15.0,5.5
52.9,13.4,14.5,16.0,5.4
52.9,13.5,14.5,16.8,5.3
53.0,13.5,14.7,17.6,5.2
53.0,13.6,14.7,18.4,5.1
53.0,13.7,14.7,19.2,5.0
53.1,13.8,14.7,19.9,4.9
53.1,13.9,14.7,20.6,4.7
53.2,14.0,14.8,21.3,4.6
53.2,14.1,14.8,21.9,4.5
53.2,14.1,14.8,22.6,4.4
53.3,14.2,14.9,23.1,4.3
53.3,14.3,14.9,23.7,4.1
53.4,14.4,14.9,24.2,4.0
53.4,14.4,15.0,24.7,3.8
53.4,14.5,15.0,25.2,3.7
53.5,14.6,15.0,25.7,3.5
53.5,14.6,15.1,26.1,3.4
53.5,14.7,15.1,26.5,3.2
53.6,14.8,15.1,26.9,3.0
53.6,14.8,15.2,27.3,2.9
53.7,14.9,15.2,27.6,2.7
53.7,14.9,15.2,28.0,2.6
53.8,15.0,15.4,28.3,2.4
53.8,15.0,15.4,28.6,2.3
53.8,15.1,15.5,28.9,2.1
53.9,15.1,15.5,29.1,2.0
53.9,15.2,15.5,29.3,1.8
54.0,15.2,15.6,29.6,1.7
54.0,15.3,15.6,29.7,1.6
54.0,15.3,15.6,29.9,1.4
54.1,15.3,15.7,30.1,1.3
54.1,15.4,15.7,30.3,1.2
54.1,15.4,15.7,30.4,1.0
54.2,15.4,15.8,30.5,0.9
54.2,15.5,15.8,30.6,0.8
54.3,15.5,15.8,30.7,0.7
54.3,15.5,15.9,30.8,0.6
54.4,15.6,15.9,30.8,0.5
54.4,15.6,16.0,30.9,0.4
54.4,15.6,16.0,31.0,0.3
54.5,15.6,16.0,31.0,0.3
54.5,15.6,16.2,31.0,0.2
54.6,15.7,16.2,31.0,0.1
54.6,15.7,16.2,31.1,0.1
54.6,15.7,16.3,31.1,0.0
54.7,15.7,16.3,31.0,-0.0
54.7,15.7,16.3,31.0,-0.1
54.7,15.8,16.4,31.0,-0.1
54.8,15.8,16.4,30.9,-0.1
54.8,15.8,16.4,30.9,-0.1
54.9,15.8,16.5,30.8,-0.2
54.9,15.8,16.5,30.7,-0.2
55.0,15.8,16.6,30.6,-0.2
55.0,15.8,16.6,30.5,-0.2
55.0,15.9,16.6,30.3,-0.1
55.1,15.9,16.7,30.2,-0.1
55.1,15.9,16.7,30.1,-0.2
55.2,15.9,16.7,30.0,-0.2
55.2,15.9,16.8,29.9,-0.3
55.2,15.9,16.8,29.8,-0.3
55.3,15.9,16.8,29.7,-0.3
55.3,15.9,16.9,29.6,-0.3
55.3,16.0,16.9,29.4,-0.3
55.4,16.0,16.9,29.2,-0.3
55.4,16.0,17.0,29.1,-0.3
55.5,16.0,17.0,28.9,-0.3
55.5,16.0,17.0,28.7,-0.3
55.6,16.0,17.0,28.5,-0.2
55.6,16.0,17.0,28.3,-0.2
55.6,16.0,17.1,28.0,-0.3
55.7,16.1,17.1,27.8,-0.3
55.7,16.1,17.1,27.6,-0.3
55.7,16.1,17.1,27.3,-0.4
55.8,16.1,17.1,27.1,-0.4
55.8,16.1,17.1,26.8,-0.5
55.9,16.1,17.2,26.4,-0.5
55.9,16.1,17.2,26.1,-0.6
56.0,16.1,17.2,25.7,-0.7
56.0,16.1,17.1,25.4,-0.7
56.0,16.1,17.1,25.0,-0.8
56.1,16.2,17.1,24.6,-0.8
56.1,16.2,17.1,24.1,-0.9
56.2,16.2,17.1,23.7,-1.0
56.2,16.2,17.1,23.3,-1.1
56.2,16.2,17.1,22.8,-1.1
56.3,16.2,17.1,22.3,-1.2
56.3,16.2,17.1,21.8,-1.3
56.3,16.2,17.1,21.3,-1.4
56.4,16.2,17.1,20.8,-1.4
56.4,16.2,17.1,20.3,-1.5
56.5,16.2,17.1,19.7,-1.6
56.5,16.2,17.1,19.2,-1.6
56.6,16.2,17.0,18.6,-1.7
56.6,16.2,17.0,18.0,-1.8
56.6,16.2,17.0,17.5,-1.8
56.7,16.2,17.0,16.9,-1.9
56.7,16.2,17.0,16.3,-2.0
56.8,16.1,16.9,15.8,-2.0
56.8,16.1,16.9,15.2,-2.1
56.8,16.1,16.9,14.6,-2.2
56.9,16.1,16.9,14.0,-2.2
56.9,16.1,16.9,13.4,-2.3
56.9,16.1,16.9,12.8,-2.4
57.0,16.1,16.9,12.2,-2.5
57.0,16.1,16.9,11.6,-2.5
57.1,16.1,16.9,11.0,-2.6
57.1,16.0,16.9,10.5,-2.7
57.2,16.0,16.9,9.9,-2.7
57.2,16.0,16.9,9.3,-2.8
57.2,16.0,16.9,8.7,-2.9
57.3,16.0,16.9,8.2,-3.0
57.3,15.9,16.9,7.6,-3.0
57.4,15.9,16.9,7.0,-3.1
57.4,15.9,16.9,6.5,-3.2
57.4,15.9,16.9,5.9,-3.3
57.5,15.9,16.9,5.4,-3.3
57.5,15.8,16.9,4.8,-3.4
57.6,15.8,16.9,4.3,-3.5
57.6,15.8,16.9,3.8,-3.6
57.6,15.8,16.9,3.2,-3.7
57.7,15.7,16.8,2.7,-3.8
57.7,15.7,16.8,2.2,-3.9
57.8,15.7,16.8,1.7,-4.0
57.8,15.6,16.8,1.2,-4.1
57.8,15.6,16.8,0.7,-4.1
57.9,15.6,16.8,0.2,-4.2
57.9,15.5,16.8,-0.3,-4.4
58.0,15.5,16.8,-0.7,-4.5
58.0,15.4,16.8,-1.2,-4.6
58.0,15.4,16.8,-1.6,-4.7
58.1,15.4,16.8,-2.1,-4.8
58.1,15.3,16.8,-2.5,-4.9
58.2,15.3,16.8,-2.9,-5.0
58.2,15.2,16.8,-3.3,-5.1
58.2,15.2,16.9,-3.7,-5.3
58.3,15.1,16.9,-4.1,-5.4
58.3,15.1,16.9,-4.4,-5.5
58.4,15.0,16.9,-4.7,-5.7
58.4,15.0,16.9,-4.8,-5.8
58.4,14.9,16.9,-4.7,-5.9
58.5,14.8,16.9,-4.5,-6.1
58.5,14.8,16.9,-4.0,-6.3
58.6,14.7,17.0,-3.4,-6.4
58.6,14.7,17.0,-2.6,-6.6
58.6,14.6,17.0,-1.6,-6.7
58.7,14.5,17.0,-0.6,-6.9
58.7,14.5,17.0,0.6,-7.0
58.8,14.4,17.0,1.9,-7.2
58.8,14.3,17.1,3.1,-7.3
58.8,14.2,17.1,4.4,-7.4
58.9,14.2,17.1,5.9,-7.5
58.9,14.1,17.1,7.2,-7.6
59.0,14.0,17.1,8.6,-7.8
59.0,13.9,17.1,10.1,-7.9
59.0,13.8,17.2,11.4,-8.0
59.1,13.7,17.2,12.8,-8.2
59.1,13.6,17.2,14.3,-8.4
59.2,13.5,17.3,15.5,-8.5
59.2,13.4,17.3,16.9,-8.7
59.2,13.3,17.4,18.3,-8.9
59.3,13.2,17.4,19.5,-9.1
59.3,13.1,17.4,20.7,-9.4
59.4,13.0,17.4,22.0,-9.6
59.4,12.9,17.4,23.1,-9.8
59.4,12.8,17.4,24.1,-10.1
59.5,12.7,17.5,25.3,-10.3
59.5,12.5,17.5,26.2,-10.6
59.5,12.4,17.5,27.2,-10.9
59.6,12.3,17.7,28.1,-11.2
59.6,12.1,17.7,28.9,-11.5
59.7,12.0,17.7,29.7,-11.8
59.7,11.9,17.8,30.6,-12.2
59.8,11.7,17.8,31.2,-12.5
59.8,11.6,17.9,31.9,-12.8
59.8,11.4,17.9,32.6,-13.2
59.9,11.2,17.9,33.2,-13.5
59.9,11.1,18.1,33.8,-13.9
60.0,10.9,18.1,34.3,-14.3
60.0,10.7,18.1,34.8,-14.6
60.0,10.5,18.3,35.3,-15.0
60.1,10.3,18.3,35.8,-15.3
60.1,10.1,18.3,36.1,-15.7
60.1,9.9,18.4,36.5,-16.0
60.2,9.7,18.4,36.9,-16.4
60.2,9.5,18.4,37.2,-16.7
60.3,9.3,18.6,37.5,-17.0
60.3,9.1,18.6,37.8,-17.3
60.4,8.8,18.9,38.0,-17.6
60.4,8.6,18.9,38.2,-18.0
60.4,8.4,18.9,38.4,-18.3
60.5,8.1,19.1,38.6,-18.6
60.5,7.9,19.1,38.7,-18.9
60.6,7.6,19.1,38.9,-19.2
60.6,7.4,19.4,39.0,-19.5
60.6,7.1,19.4,39.1,-19.8
60.7,6.9,19.4,39.2,-20.1
60.7,6.6,19.6,39.3,-20.3
60.7,6.3,19.6,39.4,-20.6
60.8,6.0,19.6,39.5,-20.8
60.8,5.7,19.9,39.5,-21.1
60.9,5.4,19.9,39.5,-21.3
60.9,5.2,19.9,39.6,-21.5
61.0,4.8,20.2,39.6,-21.7
61.0,4.5,20.2,39.6,-22.0
61.0,4.2,20.4,39.6,-22.2
61.1,3.9,20.4,39.6,-22.4
61.1,3.6,20.4,39.5,-22.5
61.2,3.3,20.7,39.5,-22.7
61.2,2.9,20.7,39.5,-22.9
61.2,2.6,20.7,39.5,-23.0
61.3,2.3,21.0,39.4,-23.2
61.3,1.9,21.0,39.4,-23.3
61.3,1.6,21.0,39.3,-23.5
61.4,1.3,21.3,39.3,-23.6
61.4,0.9,21.3,39.2,-23.7
61.5,0.6,21.3,39.2,-23.8
61.5,0.2,21.6,27.2,-24.9
61.6,-0.0,21.6,6.6,-20.0
61.6,-0.1,20.3,3.7,-6.4
61.6,-0.1,20.3,3.2,-4.0
61.7,-0.1,20.3,4.8,-6.9
61.7,-0.1,18.8,2.4,-10.7
61.8,-0.2,18.8,1.7,-6.9
61.8,-0.2,18.8,0.2,-1.4
61.8,-0.2,17.2,0.0,-1.3
61.9,-0.2,17.2,-0.2,-1.1
61.9,-0.3,17.2,-0.1,-0.9
61.9,-0.3,15.4,0.1,-0.8
62.0,-0.3,15.4,0.2,-0.6
62.0,-0.3,15.4,0.2,-0.6
62.1,-0.3,13.7,0.1,-0.5
62.1,-0.3,13.7,0.0,-0.4
62.2,-0.3,12.1,-0.0,-0.3
62.2,-0.3,12.1,-0.1,-0.3
62.2,-0.3,12.1,-0.0,-0.2
62.3,-0.3,10.7,0.0,-0.2
62.3,-0.3,10.7,0.0,-0.2
62.4,-0.3,10.7,-0.0,-0.2
62.4,-0.3,9.4,-0.0,-0.2
62.4,-0.3,9.4,-0.0,-0.1
62.5,-0.3,9.4,-0.1,-0.1
62.5,-0.3,8.3,-0.1,-0.1
62.5,-0.3,8.3,-0.1,-0.1
62.6,-0.3,8.3,-0.1,-0.1
62.6,-0.3,7.3,-0.1,-0.1
62.7,-0.3,7.3,-0.1,0.0
62.7,-0.3,7.3,-0.0,0.1
62.8,-0.3,6.4,0.0,0.2
62.8,-0.3,6.4,0.1,0.2
62.8,-0.3,5.6,0.3,0.2
62.9,-0.3,5.6,0.5,0.1
62.9,-0.3,5.6,0.9,0.1
63.0,-0.3,4.8,1.3,0.2
63.0,-0.3,4.8,1.8,0.3
63.0,-0.3,4.8,2.2,0.6
63.1,-0.3,4.2,2.7,1.0
63.1,-0.3,4.2,3.1,1.4
63.1,-0.3,4.2,3.5,1.8
63.2,-0.3,3.6,3.8,2.2
63.2,-0.3,3.6,4.0,2.6
63.3,-0.3,3.6,4.2,2.9
63.3,-0.3,3.1,4.3,3.2
63.4,-0.2,3.1,4.4,3.4
63.4,-0.2,2.8,4.5,3.6
63.4,-0.2,2.8,4.6,3.8
63.5,-0.2,2.8,4.6,3.9
63.5,-0.1,2.4,4.7,4.1
66.5,-0.1,2.4,4.7,4.3
66.5,-0.0,2.4,4.7,4.5
66.6,0.0,2.4,4.7,4.7
66.6,0.1,2.4,4.7,4.9
66.7,0.1,2.4,4.7,5.2
66.7,0.2,2.4,4.7,5.4
66.7,0.2,2.4,4.7,5.7
66.8,0.3,2.4,4.7,5.9
66.8,0.4,2.7,4.7,6.2
66.8,0.4,2.7,4.7,6.5
66.9,0.5,2.8,4.7,6.8
66.9,0.6,2.8,4.7,7.1
67.0,0.7,2.8,4.7,7.5
67.0,0.8,3.1,4.7,7.7
67.1,0.8,3.1,4.7,8.0
67.1,0.9,3.1,4.8,8.4
67.1,1.0,3.4,4.8,8.6
67.2,1.1,3.4,4.9,8.9
67.2,1.2,3.4,5.0,9.1
67.3,1.3,3.6,5.1,9.3
67.3,1.4,3.6,5.2,9.5
67.3,1.5,3.6,5.3,9.7
67.4,1.6,4.1,5.5,9.8
67.4,1.7,4.1,5.6,9.9
67.4,1.8,4.1,5.8,10.0
67.5,1.9,4.3,6.0,10.1
67.5,2.0,4.3,6.2,10.1
67.6,2.1,4.6,6.4,10.1
67.6,2.2,4.6,6.6,10.1
67.7,2.3,4.6,6.8,10.0
67.7,2.4,4.9,7.0,9.9
67.7,2.5,4.9,7.1,9.9
67.8,2.6,4.9,7.3,9.8
67.8,2.7,5.2,7.5,9.6
67.9,2.8,5.2,7.6,9.5
67.9,2.9,5.2,7.8,9.4
67.9,3.0,5.3,7.9,9.2
68.0,3.1,5.3,8.1,9.1
68.0,3.2,5.3,8.2,8.9
68.0,3.3,5.7,8.3,8.8
68.1,3.4,5.7,8.3,8.6
68.1,3.5,5.9,8.4,8.5
68.2,3.6,5.9,8.5,8.3
68.2,3.7,5.9,8.5,8.2
68.3,3.8,6.1,8.5,8.0
68.3,3.9,6.1,8.6,7.9
68.3,4.0,6.1,8.6,7.8
68.4,4.1,6.3,8.6,7.7
68.4,4.2,6.3,8.5,7.6
68.5,4.3,6.3,8.5,7.5
68.5,4.4,6.6,8.5,7.4
68.5,4.5,6.6,8.4,7.3
68.6,4.6,6.6,8.4,7.2
68.6,4.7,6.8,8.3,7.2
68.7,4.8,6.8,8.3,7.1
68.7,4.9,7.0,8.2,7.1
68.7,5.0,7.0,8.2,7.0
68.8,5.0,7.0,8.1,6.9
68.8,5.2,7.2,8.0,6.9
68.9,5.2,7.2,7.9,6.8
68.9,5.3,7.2,7.9,6.8
68.9,5.4,7.5,7.8,6.8
69.0,5.5,7.5,7.7,6.7
69.0,5.6,7.5,7.6,6.7
69.1,5.7,7.7,7.6,6.6
69.1,5.8,7.7,7.5,6.6
69.1,5.9,7.7,7.4,6.5
69.2,6.0,8.0,7.3,6.4
69.2,6.1,8.0,7.3,6.4
69.3,6.2,8.0,7.2,6.3
69.3,6.3,8.2,7.1,6.3
69.3,6.4,8.2,7.0,6.2
69.4,6.5,8.4,6.9,6.1
69.4,6.6,8.4,6.9,6.1
69.5,6.7,8.4,6.8,6.0
69.5,6.8,8.6,6.7,5.9
69.5,6.9,8.6,6.6,5.9
69.6,7.0,8.6,6.5,5.8
69.6,7.1,8.9,6.4,5.7
69.7,7.2,8.9,6.3,5.7
69.7,7.3,8.9,6.3,5.6
69.7,7.4,9.2,6.2,5.5
69.8,7.5,9.2,6.1,5.5
69.8,7.6,9.2,6.0,5.4
69.9,7.7,9.4,5.9,5.4
69.9,7.8,9.4,5.8,5.3
69.9,7.8,9.7,5.7,5.3
70.0,7.9,9.7,5.6,5.3
70.0,8.0,9.7,5.5,5.2
70.1,8.1,10.0,5.4,5.2
70.1,8.2,10.0,5.3,5.2
70.1,8.3,10.0,5.2,5.2
70.2,8.4,10.2,5.0,5.2
70.2,8.5,10.2,4.9,5.2
70.3,8.6,10.2,4.8,5.2
70.3,8.7,10.5,4.7,5.2
70.3,8.8,10.5,4.6,5.2
70.4,8.9,10.5,4.5,5.2
70.4,9.0,10.8,4.4,5.3
70.5,9.1,10.8,4.3,5.3
70.5,9.2,11.1,4.2,5.3
70.5,9.3,11.1,4.0,5.3
70.6,9.3,11.1,3.9,5.4
70.6,9.5,11.4,3.7,5.4
70.6,9.5,11.4,3.6,5.4
70.7,9.6,11.4,3.4,5.5
70.7,9.7,11.6,3.2,5.5
70.8,9.8,11.6,3.0,5.5
70.8,9.9,11.6,2.7,5.5
70.9,10.0,11.8,2.5,5.6
70.9,10.1,11.8,2.2,5.6
70.9,10.2,11.8,1.9,5.6
71.0,10.3,12.0,1.6,5.6
71.0,10.4,12.0,1.3,5.6
71.1,10.5,12.0,1.0,5.7
71.1,10.6,12.3,0.7,5.7
71.1,10.7,12.3,0.3,5.7
71.2,10.8,12.5,-0.0,5.7
71.2,10.9,12.5,-0.4,5.7
71.2,11.0,12.5,-0.7,5.7
71.3,11.1,12.6,-1.1,5.7
71.3,11.2,12.6,-1.5,5.7
71.4,11.3,12.6,-1.9,5.8
71.4,11.4,12.8,-2.3,5.8
71.5,11.6,12.8,-2.7,5.8
71.5,11.6,12.8,-3.1,5.8
71.5,11.8,13.0,-3.6,5.7
71.6,11.9,13.0,-4.0,5.7
71.6,12.0,13.0,-4.4,5.7
71.7,12.1,13.2,-4.9,5.7
71.7,12.2,13.2,-5.3,5.7
71.7,12.3,13.4,-5.7,5.7
71.8,12.4,13.4,-6.2,5.6
71.8,12.5,13.4,-6.6,5.6
71.8,12.6,13.5,-7.0,5.6
71.9,12.7,13.5,-7.5,5.5
71.9,12.8,13.5,-7.8,5.5
72.0,12.9,13.6,-8.3,5.4
72.0,13.0,13.6,-8.7,5.4
72.1,13.1,13.6,-9.1,5.3
72.1,13.2,13.7,-9.5,5.3
72.1,13.3,13.7,-9.9,5.2
72.2,13.4,13.7,-10.3,5.1
72.2,13.4,13.9,-10.7,5.1
72.3,13.5,13.9,-11.1,5.0
72.3,13.6,14.0,-11.4,4.9
72.3,13.7,14.0,-11.8,4.8
72.4,13.8,14.0,-12.2,4.7
72.4,13.9,14.1,-12.5,4.6
72.4,14.0,14.1,-12.8,4.5
72.5,14.1,14.1,-13.2,4.4
72.5,14.2,14.2,-13.5,4.3
72.6,14.3,14.2,-13.8,4.2
72.6,14.3,14.2,-14.1,4.1
72.7,14.4,14.3,-14.4,4.0
72.7,14.5,14.3,-14.7,3.9
72.7,14.6,14.3,-15.0,3.8
72.8,14.7,14.4,-15.3,3.7
72.8,14.7,14.4,-15.5,3.5
72.8,14.8,14.4,-15.8,3.4
72.9,14.9,14.6,-16.0,3.3
72.9,15.0,14.6,-16.3,3.2
73.0,15.0,14.7,-16.5,3.1
73.0,15.1,14.7,-16.7,2.9
73.1,15.2,14.7,-17.0,2.8
73.1,15.2,14.8,-17.2,2.7
73.1,15.3,14.8,-17.4,2.6
73.2,15.4,14.8,-17.5,2.4
73.2,15.4,14.9,-17.7,2.3
73.3,15.5,14.9,-17.9,2.2
73.3,15.5,14.9,-18.1,2.1
73.3,15.6,15.0,-18.2,2.0
73.4,15.7,15.0,-18.4,1.8
73.4,15.7,15.0,-18.5,1.7
73.4,15.8,15.0,-18.7,1.6
73.5,15.8,15.0,-18.8,1.5
73.5,15.9,15.1,-18.9,1.4
73.6,15.9,15.1,-19.0,1.3
73.6,15.9,15.1,-19.2,1.2
73.7,16.0,15.2,-19.3,1.1
73.7,16.0,15.2,-19.3,1.0
73.7,16.1,15.2,-19.4,0.9
73.8,16.1,15.4,-19.5,0.8
73.8,16.2,15.4,-19.6,0.7
73.9,16.2,15.4,-19.6,0.6
73.9,16.2,15.5,-19.7,0.5
73.9,16.3,15.5,-19.7,0.4
74.0,16.3,15.5,-19.8,0.4
74.0,16.3,15.6,-19.8,0.3
74.0,16.4,15.6,-19.8,0.2
74.1,16.4,15.7,-19.9,0.2
74.1,16.4,15.7,-19.9,0.1
74.2,16.4,15.7,-19.9,0.0
74.2,16.5,15.7,-19.9,-0.0
74.3,16.5,15.7,-19.9,-0.1
74.3,16.5,15.7,-19.9,-0.1
74.3,16.6,15.8,-19.9,-0.1
74.4,16.6,15.8,-19.9,-0.2
74.4,16.6,15.8,-19.8,-0.2
74.5,16.6,16.0,-19.8,-0.2
74.5,16.6,16.0,-19.8,-0.2
74.5,16.7,16.0,-19.7,-0.2
74.6,16.7,16.1,-19.7,-0.2
74.6,16.7,16.1,-19.6,-0.1
74.6,16.7,16.1,-19.6,-0.0
74.7,16.8,16.2,-19.5,0.0
74.7,16.8,16.2,-19.5,0.1
74.8,16.8,16.3,-19.4,0.1
74.8,16.8,16.3,-19.4,0.2
74.9,16.8,16.3,-19.3,0.4
74.9,16.9,16.4,-19.3,0.5
74.9,16.9,16.4,-19.3,0.6
75.0,16.9,16.4,-19.2,0.6
75.0,16.9,16.4,-19.2,0.7
75.1,17.0,16.4,-19.1,0.8
75.1,17.0,16.4,-19.0,1.0
75.1,17.0,16.5,-18.9,1.1
75.2,17.1,16.5,-18.8,1.2
75.2,17.1,16.5,-18.7,1.3
75.2,17.1,16.6,-18.6,1.5
75.3,17.2,16.6,-18.5,1.6
75.3,17.2,16.6,-18.3,1.7
75.4,17.2,16.6,-18.2,1.8
75.4,17.3,16.6,-18.0,1.9
75.5,17.3,16.6,-17.9,1.9
75.5,17.4,16.6,-17.7,2.0
75.5,17.4,16.6,-17.5,2.0
75.6,17.4,16.6,-17.3,2.0
75.6,17.5,16.6,-17.1,2.0
75.7,17.5,16.6,-16.9,1.9
75.7,17.5,16.5,-16.7,1.9
75.7,17.6,16.5,-16.5,1.9
75.8,17.6,16.5,-16.3,1.9
75.8,17.7,16.5,-16.0,1.9
75.8,17.7,16.5,-15.7,1.8
75.9,17.7,16.4,-15.5,1.8
75.9,17.8,16.4,-15.2,1.8
76.0,17.8,16.4,-14.9,1.7
76.0,17.8,16.3,-14.7,1.7
76.1,17.9,16.3,-14.4,1.6
76.1,17.9,16.3,-14.1,1.6
76.1,17.9,16.2,-13.8,1.5
76.2,18.0,16.2,-13.5,1.4
76.2,18.0,16.2,-13.2,1.3
76.3,18.0,16.1,-12.9,1.3
76.3,18.1,16.1,-12.6,1.2
76.3,18.1,16.1,-12.3,1.1
76.4,18.1,16.1,-12.0,1.0
76.4,18.1,16.1,-11.6,0.9
76.4,18.2,16.1,-11.3,0.8
76.5,18.2,16.0,-11.0,0.7
76.5,18.2,16.0,-10.7,0.6
76.6,18.2,15.9,-10.3,0.5
76.6,18.2,15.9,-10.0,0.4
76.6,18.3,15.9,-9.7,0.3
76.7,18.3,15.8,-9.4,0.1
76.7,18.3,15.8,-9.1,0.0
76.8,18.3,15.8,-8.7,-0.1
76.8,18.3,15.7,-8.4,-0.3
76.9,18.3,15.7,-8.1,-0.4
76.9,18.3,15.7,-7.8,-0.6
76.9,18.3,15.7,-7.5,-0.7
77.0,18.3,15.7,-7.2,-0.9
77.0,18.3,15.7,-6.8,-1.0
77.1,18.3,15.6,-6.5,-1.2
77.1,18.3,15.6,-6.2,-1.4
77.1,18.3,15.6,-5.9,-1.6
77.2,18.3,15.6,-5.6,-1.8
77.2,18.3,15.6,-5.3,-1.9
77.2,18.3,15.5,-5.0,-2.1
77.3,18.3,15.5,-4.7,-2.4
77.3,18.3,15.5,-4.4,-2.6
77.4,18.3,15.5,-4.2,-2.8
77.4,18.2,15.5,-3.9,-3.0
77.5,18.2,15.5,-3.6,-3.2
77.5,18.2,15.5,-3.3,-3.4
77.5,18.2,15.5,-3.1,-3.7
77.6,18.1,15.5,-2.8,-3.9
77.6,18.1,15.5,-2.5,-4.1
77.7,18.1,15.5,-2.3,-4.4
77.7,18.0,15.5,-2.0,-4.6
77.7,18.0,15.5,-1.8,-4.9
77.8,18.0,15.5,-1.5,-5.2
77.8,17.9,15.5,-1.3,-5.4
77.8,17.9,15.5,-1.1,-5.7
77.9,17.8,15.5,-0.9,-6.0
77.9,17.8,15.5,-0.6,-6.2
78.0,17.7,15.5,-0.4,-6.5
78.0,17.6,15.5,-0.2,-6.8
78.1,17.6,15.6,-0.0,-7.1
78.1,17.5,15.6,0.2,-7.4
78.1,17.4,15.6,0.4,-7.7
78.2,17.3,15.6,0.6,-8.0
78.2,17.3,15.6,0.8,-8.3
78.3,17.2,15.6,0.9,-8.6
78.3,17.1,15.7,1.1,-8.9
78.3,17.0,15.7,1.3,-9.2
78.4,16.9,15.8,1.5,-9.5
78.4,16.8,15.8,1.6,-9.8
78.4,16.7,15.8,1.8,-10.1
78.5,16.6,15.9,1.9,-10.4
78.5,16.5,15.9,2.1,-10.7
78.6,16.4,15.9,2.2,-11.0
78.6,16.3,16.0,2.4,-11.4
78.7,16.1,16.0,2.5,-11.6
78.7,16.0,16.0,2.7,-11.9
78.7,15.9,16.1,2.8,-12.3
78.8,15.8,16.1,2.9,-12.6
78.8,15.6,16.1,3.0,-12.9
78.9,15.5,16.3,3.2,-13.2
78.9,15.3,16.3,3.3,-13.4
78.9,15.2,16.5,3.4,-13.7
79.0,15.1,16.5,3.5,-14.1
79.0,14.9,16.5,3.6,-14.3
79.1,14.7,16.6,3.7,-14.6
79.1,14.6,16.6,3.8,-14.9
79.1,14.4,16.6,3.9,-15.2
79.2,14.2,16.8,4.0,-15.5
79.2,14.1,16.8,4.1,-15.7
79.3,13.9,16.8,4.2,-16.0
79.3,13.7,17.0,4.3,-16.3
79.3,13.5,17.0,4.4,-16.5
79.4,13.3,17.0,4.4,-16.8
79.4,13.1,17.2,4.5,-17.0
79.4,12.9,17.2,4.6,-17.3
79.5,12.7,17.5,4.7,-17.5
79.5,12.5,17.5,4.7,-17.7
79.6,12.3,17.5,4.8,-18.0
79.6,12.1,17.7,4.9,-18.1
79.7,11.9,17.7,4.9,-18.4
79.7,11.6,17.7,5.0,-18.6
79.7,11.4,18.0,5.0,-18.7
79.8,11.2,18.0,5.1,-18.9
79.8,10.9,18.0,5.2,-19.1
79.9,10.7,18.2,5.2,-19.3
79.9,10.5,18.2,5.3,-19.4
79.9,10.2,18.2,5.3,-19.6
80.0,10.0,18.5,5.3,-19.8
80.0,9.7,18.5,5.4,-19.9
80.0,9.5,18.5,5.4,-20.0
80.1,9.2,18.7,5.5,-20.2
80.1,9.0,18.7,5.5,-20.3
80.2,8.7,19.0,5.5,-20.4
80.2,8.4,19.0,5.6,-20.5
80.3,8.2,19.0,5.6,-20.6
80.3,7.9,19.2,5.7,-20.7
80.3,7.6,19.2,5.7,-20.8
80.4,7.3,19.2,5.7,-20.9
80.4,7.1,19.4,5.7,-21.0
80.5,6.8,19.4,5.7,-21.0
80.5,6.5,19.4,5.7,-21.1
80.5,6.2,19.7,5.7,-21.1
80.6,5.9,19.7,5.7,-21.2
80.6,5.7,19.7,5.8,-21.2
80.7,5.4,20.0,5.8,-21.2
80.7,5.1,20.0,5.8,-21.3
80.7,4.8,20.2,5.8,-21.3
80.8,4.5,20.2,5.8,-21.3
80.8,4.2,20.2,5.8,-21.3
80.9,3.9,20.5,5.8,-21.3
80.9,3.6,20.5,5.8,-21.3
80.9,3.3,20.5,5.8,-21.3
81.0,3.0,20.7,5.8,-21.3
81.0,2.7,20.7,5.8,-21.3
81.1,2.4,20.7,5.7,-21.2
81.1,2.1,21.0,5.7,-21.2
81.1,1.8,21.0,5.7,-21.2
81.2,1.5,21.0,5.7,-21.1
81.2,1.2,21.3,5.7,-21.1
81.3,0.9,21.3,5.7,-21.0
81.3,0.6,21.5,5.6,-21.0
81.3,0.3,21.5,5.6,-20.9
81.4,-0.0,21.5,-0.3,-2.6
81.4,-0.1,20.3,-0.2,-1.9
81.5,-0.0,20.3,-0.2,-1.3
81.5,-0.0,20.3,-0.1,-0.8
81.5,0.0,19.2,-0.0,-0.5
81.6,0.1,19.2,-0.0,-0.2
81.6,0.1,19.2,0.0,-0.1
81.7,0.1,18.5,0.0,0.0
81.7,0.1,18.5,0.1,0.1
81.7,0.1,18.5,0.1,0.2
81.8,0.2,17.8,0.1,0.2
81.8,0.2,17.8,0.2,0.2
81.8,0.2,17.8,0.2,0.2
81.9,0.2,17.3,0.2,0.2
81.9,0.2,17.3,0.2,0.1
82.0,0.2,16.9,0.2,0.1
82.0,0.2,16.9,0.3,0.1
82.1,0.2,16.9,0.3,0.1
82.1,0.2,16.5,0.3,0.1
82.1,0.2,16.5,0.3,0.1
82.2,0.2,16.5,0.3,0.1
82.2,0.2,16.3,0.3,0.1
82.3,0.2,16.3,0.3,0.0
82.3,0.2,16.3,0.3,0.0
82.3,0.2,16.0,0.3,-0.0
82.4,0.2,16.0,0.3,-0.0
82.4,0.2,16.0,0.4,-0.1
82.5,0.2,15.7,0.6,-0.1
82.5,0.2,15.7,1.1,-0.1
82.5,0.2,15.5,2.0,-0.1
82.6,0.2,15.5,3.1,-0.1
82.6,0.2,15.5,4.3,-0.1
82.7,0.2,15.2,5.5,-0.1
82.7,0.3,15.2,6.9,-0.1
82.7,0.3,15.2,8.2,-0.1
82.8,0.3,15.1,9.4,-0.1
82.8,0.3,15.1,10.5,-0.0
82.9,0.3,15.1,11.3,-0.0
82.9,0.3,14.9,12.0,-0.1
82.9,0.3,14.9,12.7,-0.1
83.0,0.3,14.9,13.3,-0.1
83.0,0.3,14.8,13.9,-0.1
83.1,0.3,14.8,14.7,-0.2
83.1,0.3,14.6,15.3,-0.2
83.1,0.3,14.6,16.1,-0.2
83.2,0.3,14.6,17.0,-0.2
83.2,0.3,14.4,18.0,-0.2
83.3,0.3,14.4,19.2,-0.3
83.3,0.3,14.4,20.1,-0.4
83.3,0.3,14.3,20.5,-0.4
83.4,0.3,14.3,20.6,-0.4
83.4,0.3,14.3,20.2,-0.4
83.5,0.3,14.2,19.7,-0.3
83.5,0.3,14.2,19.0,-0.2
83.5,0.3,14.2,18.3,-0.1
83.6,0.3,14.1,17.5,-0.0
83.6,0.3,14.1,16.7,0.0
83.7,0.3,14.1,15.8,0.1
83.7,0.4,14.0,15.0,0.2
83.7,0.4,14.0,14.1,0.2
83.8,0.4,14.0,13.3,0.2
83.8,0.4,14.0,12.5,0.2
83.9,0.4,14.0,11.8,0.3
83.9,0.4,13.8,11.1,0.5
83.9,0.4,13.8,10.4,0.7
84.0,0.4,13.8,9.8,1.0
84.0,0.4,13.7,9.2,1.3
84.1,0.5,13.7,8.6,1.7
84.1,0.5,13.7,8.1,2.1
84.1,0.5,13.6,7.5,2.6
84.2,0.5,13.6,7.1,3.0
84.2,0.6,13.6,6.6,3.5
84.3,0.6,13.5,6.1,4.0
84.3,0.7,13.5,5.7,4.4
84.3,0.7,13.4,5.3,4.9
84.4,0.7,13.4,4.9,5.3
84.4,0.8,13.4,4.6,5.8
84.5,0.8,13.2,4.2,6.2
84.5,0.9,13.2,3.9,6.7
84.5,0.9,13.2,3.7,7.1
84.6,1.0,13.1,3.4,7.6
84.6,1.1,13.1,3.2,8.1
84.7,1.1,13.1,3.0,8.6
84.7,1.2,12.9,2.8,9.0
84.7,1.3,12.9,2.7,9.5
84.8,1.4,12.9,2.5,9.9
84.8,1.4,12.7,2.4,10.3
84.9,1.5,12.7,2.3,10.7
84.9,1.6,12.6,2.1,11.1
84.9,1.7,12.6,2.0,11.4
85.0,1.8,12.6,1.9,11.8
85.0,1.9,12.3,1.8,12.1
85.1,2.0,12.3,1.7,12.4
85.1,2.0,12.3,1.6,12.8
85.1,2.1,12.1,1.5,13.1
85.2,2.2,12.1,1.4,13.4
85.2,2.3,12.1,1.3,13.7
85.3,2.4,11.8,1.2,13.9
85.3,2.5,11.8,1.1,14.2
85.3,2.6,11.8,1.0,14.5
85.4,2.7,11.6,0.9,14.7
85.4,2.8,11.6,0.8,15.0
85.5,2.9,11.6,0.8,15.2
85.5,3.0,11.2,0.7,15.5
85.5,3.1,11.2,0.6,15.7
85.6,3.2,10.9,0.6,15.9
85.6,3.4,10.9,0.5,16.1
85.7,3.5,10.9,0.5,16.4
85.7,3.6,10.5,0.4,16.6
85.7,3.7,10.5,0.4,16.8
85.8,3.8,10.5,0.3,17.0
85.8,3.9,10.2,0.3,17.2
85.9,4.0,10.2,0.2,17.3
85.9,4.1,10.2,0.2,17.5
85.9,4.2,9.9,0.1,17.7
86.0,4.3,9.9,0.1,17.8
86.0,4.3,9.9,0.1,18.0
86.1,4.4,9.5,0.0,18.1
86.1,4.5,9.5,0.0,18.3
86.1,4.6,9.2,-0.0,18.4
86.2,4.7,9.2,-0.0,18.6
86.2,4.8,9.2,-0.1,18.7
86.3,4.9,8.9,-0.1,18.9
86.3,5.0,8.9,-0.1,19.1
86.3,5.1,8.9,-0.1,19.3
86.4,5.2,8.5,-0.1,19.5
86.4,5.2,8.5,-0.2,19.7
86.5,5.3,8.5,-0.2,19.9
86.5,5.4,8.2,-0.2,20.1
86.5,5.5,8.2,-0.2,20.2
86.6,5.6,8.2,-0.2,20.4
86.6,5.6,7.8,-0.2,20.5
86.7,5.7,7.8,-0.2,20.7
86.7,5.8,7.4,-0.2,20.8
86.7,5.8,7.4,-0.2,20.9
86.8,5.9,7.4,-0.2,21.1
86.8,6.0,7.0,-0.2,21.2
86.9,6.0,7.0,-0.1,21.3
86.9,6.1,7.0,-0.1,21.4
86.9,6.2,6.8,-0.1,21.5
87.0,6.2,6.8,-0.1,21.6
87.0,6.3,6.8,-0.1,21.8
87.1,6.3,6.5,-0.0,21.9
87.1,6.4,6.5,-0.0,22.0
87.1,6.4,6.5,0.0,22.1
87.2,6.4,6.1,0.0,22.2
87.2,6.5,6.1,0.1,22.3
87.3,6.5,6.1,0.1,22.4
87.3,6.5,5.7,0.1,22.5
87.3,6.6,5.7,0.2,22.5
87.4,6.6,5.4,0.2,22.6
87.4,6.6,5.4,0.3,22.6
87.5,6.6,5.4,0.3,22.7
87.5,6.6,5.2,0.4,22.7
87.5,6.6,5.2,0.4,22.7
87.6,6.6,5.2,0.5,22.8
87.6,6.6,4.8,0.5,22.8
87.7,6.6,4.8,0.6,22.9
87.7,6.6,4.8,0.6,23.0
87.7,6.6,4.6,0.7,23.2
87.8,6.6,4.6,0.7,23.5
87.8,6.6,4.6,0.8,23.8
87.9,6.5,4.4,0.9,24.1
87.9,6.5,4.4,0.9,24.5
87.9,6.4,4.1,1.0,24.8
88.0,6.4,4.1,1.1,25.2
88.0,6.3,4.1,1.2,25.6
88.1,6.3,3.9,1.2,26.0
88.1,6.2,3.9,1.3,26.4
88.1,6.1,3.9,1.4,26.7
88.2,6.1,3.9,1.5,27.0
88.2,6.0,3.9,1.6,27.3
88.3,5.9,3.9,1.7,27.5
88.3,5.8,3.9,1.8,27.6
88.3,5.7,3.9,1.9,27.6
88.4,5.6,3.9,2.0,27.7
88.4,5.5,4.0,2.1,27.8
88.5,5.4,4.0,2.2,27.9
88.5,5.3,3.9,2.3,28.0
88.5,5.2,3.9,2.4,28.2
88.6,5.2,3.9,2.5,28.5
88.6,5.1,3.8,2.6,28.7
88.7,5.0,3.8,2.7,29.0
88.7,4.9,3.8,2.7,29.3
88.7,4.8,3.5,2.7,29.5
88.8,4.8,3.5,2.7,29.7
88.8,4.7,3.5,2.8,29.8
88.9,4.6,3.1,3.0,29.9
88.9,4.6,3.1,3.4,29.8
88.9,4.5,3.1,3.9,29.6
89.0,4.5,2.6,4.5,29.4
89.0,4.4,2.6,5.2,29.0
89.1,4.4,2.6,5.9,28.3
89.1,4.3,2.1,6.4,27.7
89.1,4.3,2.1,7.0,26.9
89.2,4.3,2.0,7.5,26.1
89.2,4.2,2.0,7.8,25.5
89.3,4.2,2.0,8.1,24.8
89.3,4.2,1.9,8.3,24.1
89.3,4.2,1.9,8.4,23.5
89.4,4.2,1.9,8.4,22.8
89.4,4.2,1.9,8.4,22.1
89.5,4.2,1.9,8.4,21.5
89.5,4.2,1.9,8.3,20.8
89.5,4.2,2.4,8.3,20.2
89.6,4.2,2.4,8.3,19.5
89.6,4.2,2.4,8.4,18.9
89.7,4.2,2.5,8.5,18.1
89.7,4.2,2.5,8.6,17.4
89.7,4.2,3.0,8.7,16.7
89.8,4.2,3.0,9.0,15.8
89.8,4.2,3.0,9.2,15.1
89.9,4.2,3.4,9.4,14.2
89.9,4.2,3.4,9.6,13.2
89.9,4.2,3.4,9.8,12.3
90.0,4.2,3.8,10.0,11.3
90.0,4.2,3.8,10.1,10.1
90.1,4.2,3.8,10.1,9.1
90.1,4.2,3.9,10.1,7.9
90.1,4.2,3.9,9.9,6.7
90.2,4.2,3.9,9.7,5.6
90.2,4.2,4.2,9.3,4.4
90.3,4.2,4.2,8.8,3.2
90.3,4.3,4.5,8.2,2.2
90.3,4.3,4.5,7.4,1.1
90.4,4.3,4.5,6.5,0.1
90.4,4.3,4.6,5.6,-0.7
90.5,4.3,4.6,4.6,-1.5
90.5,4.3,4.6,3.4,-2.6
90.5,4.2,4.7,2.2,-3.9
90.6,4.2,4.7,0.9,-5.3
90.6,4.2,4.7,-0.6,-6.5
90.7,4.2,5.0,-1.9,-7.3
90.7,4.2,5.0,-3.3,-7.9
90.7,4.2,5.0,-4.6,-8.2
90.8,4.2,5.1,-5.8,-8.3
90.8,4.2,5.1,-6.8,-8.1
90.9,4.2,5.1,-7.8,-7.7
90.9,4.2,5.0,-8.5,-7.1
90.9,4.2,5.0,-9.0,-6.5
91.0,4.2,5.2,-9.4,-5.7
91.0,4.2,5.2,-9.6,-5.0
91.1,4.2,5.2,-9.7,-4.2
91.1,4.2,5.2,-9.6,-3.4
91.1,4.2,5.2,-9.4,-2.7
91.2,4.2,5.2,-9.1,-2.1
91.2,4.2,5.3,-8.7,-1.4
91.3,4.2,5.3,-8.3,-0.9
91.3,4.2,5.3,-7.9,-0.5
91.3,4.2,5.3,-7.4,-0.0
91.4,4.2,5.3,-7.0,0.3
91.4,4.2,5.3,-6.6,0.6
91.5,4.2,5.3,-6.1,0.9
91.5,4.2,5.3,-5.8,1.1
91.5,4.2,5.5,-5.5,1.3
91.6,4.2,5.5,-5.2,1.4
91.6,4.2,5.5,-5.0,1.6
91.7,4.2,5.5,-4.9,1.7
91.7,4.2,5.5,-4.8,1.8
91.7,4.2,5.5,-4.7,1.9
91.8,4.2,5.5,-4.7,1.9
91.8,4.2,5.5,-4.8,1.9
91.9,4.2,5.5,-4.8,1.9
91.9,4.2,5.5,-4.9,1.9
91.9,4.2,5.5,-5.1,1.9
92.0,4.2,5.5,-5.2,1.8
92.0,4.2,5.5,-5.3,1.7
92.1,4.2,5.5,-5.5,1.6
92.1,4.2,5.4,-5.6,1.5
92.1,4.2,5.4,-5.7,1.3
92.2,4.2,5.4,-5.9,1.2
92.2,4.2,5.3,-6.0,1.0
92.3,4.1,5.3,-6.0,0.8
92.3,4.1,5.3,-6.1,0.7
92.3,4.1,5.4,-6.2,0.5
92.4,4.1,5.4,-6.2,0.4
92.4,4.1,5.4,-6.2,0.2
92.5,4.1,5.4,-6.2,0.1
92.5,4.1,5.4,-6.2,-0.0
92.5,4.1,5.4,-6.2,-0.1
92.6,4.1,5.4,-6.2,-0.2
92.6,4.1,5.4,-6.1,-0.2
92.7,4.1,5.4,-6.1,-0.3
92.7,4.1,5.3,-6.0,-0.3
92.7,4.1,5.3,-6.0,-0.2
92.8,4.1,5.3,-5.9,-0.2
92.8,4.1,5.3,-5.8,-0.2
92.9,4.1,5.3,-5.7,-0.1
92.9,4.1,5.2,-5.6,-0.0
92.9,4.1,5.2,-5.5,0.0
93.0,4.1,5.2,-5.3,0.1
93.0,4.1,5.1,-5.2,0.2
93.1,4.1,5.1,-5.1,0.3
93.1,4.1,5.1,-4.9,0.4
93.1,4.1,5.2,-4.8,0.5
93.2,4.1,5.2,-4.7,0.6
93.2,4.1,5.2,-4.5,0.7
93.3,4.1,5.2,-4.4,0.8
93.3,4.1,5.2,-4.2,0.9
93.3,4.1,5.1,-4.1,0.9
93.4,4.1,5.1,-3.9,1.0
93.4,4.1,5.1,-3.8,1.1
93.5,4.1,5.2,-3.7,1.1
93.5,4.1,5.2,-3.5,1.2
93.5,4.1,5.2,-3.4,1.2
93.6,4.1,5.2,-3.3,1.2
93.6,4.1,5.2,-3.2,1.3
93.7,4.1,5.2,-3.0,1.3
93.7,4.1,5.2,-2.9,1.3
93.7,4.1,5.2,-2.8,1.3
93.8,4.1,5.2,-2.7,1.3
93.8,4.1,5.2,-2.6,1.3
93.9,4.1,5.2,-2.5,1.3
93.9,4.1,5.2,-2.4,1.3
93.9,4.1,5.2,-2.3,1.3
94.0,4.1,5.2,-2.2,1.3
94.0,4.1,5.2,-2.2,1.3
94.1,4.1,5.2,-2.1,1.3
94.1,4.1,5.2,-2.0,1.2
94.1,4.1,5.2,-1.9,1.2
94.2,4.1,5.2,-1.9,1.2
94.2,4.1,5.2,-1.8,1.2
94.3,4.1,5.1,-1.7,1.2
94.3,4.1,5.1,-1.6,1.2
94.3,4.1,5.1,-1.5,1.2
94.4,4.1,5.1,-1.5,1.2
94.4,4.1,5.1,-1.4,1.2
94.5,4.1,5.1,-1.3,1.1
94.5,4.1,5.0,-1.2,1.1
94.5,4.1,5.0,-1.2,1.1
94.6,4.1,5.0,-1.1,1.1
94.6,4.1,5.0,-1.0,1.1
94.7,4.1,5.0,-0.9,1.1
94.7,4.1,5.0,-0.8,1.1
94.7,4.1,5.0,-0.8,1.1
94.8,4.1,5.0,-0.7,1.1
94.8,4.1,5.0,-0.6,1.1
94.9,4.1,5.0,-0.5,1.1
94.9,4.1,5.0,-0.5,1.1
94.9,4.1,5.0,-0.4,1.1
95.0,4.1,5.0,-0.3,1.1
95.0,4.1,5.0,-0.2,1.1
95.1,4.1,4.9,-0.2,1.0
95.1,4.1,4.9,-0.1,1.0
95.1,4.1,4.8,-0.0,1.0
95.2,4.1,4.8,0.1,1.0
95.2,4.1,4.8,0.1,1.0
95.3,4.1,4.7,0.2,1.0
95.3,4.1,4.7,0.2,1.0
95.3,4.1,4.7,0.3,0.9
95.4,4.1,4.8,0.4,0.9
95.4,4.1,4.8,0.4,0.9
95.5,4.1,4.8,0.5,0.9
95.5,4.1,4.7,0.5,0.9
95.5,4.1,4.7,0.6,0.8
95.6,4.1,4.7,0.6,0.8
95.6,4.1,4.8,0.7,0.8
95.7,4.1,4.8,0.7,0.8
95.7,4.1,4.7,0.8,0.7
95.7,4.1,4.7,0.8,0.7
95.8,4.1,4.7,0.9,0.7
95.8,4.1,4.6,0.9,0.6
95.9,4.1,4.6,1.0,0.6
95.9,4.1,4.6,1.0,0.6
95.9,4.1,4.6,1.0,0.6
96.0,4.1,4.6,1.1,0.5
96.0,4.1,4.6,1.1,0.5
96.1,4.1,4.7,1.1,0.5
96.1,4.1,4.7,1.2,0.5
96.1,4.1,4.7,1.2,0.4
96.2,4.1,4.8,1.2,0.4
96.2,4.1,4.8,1.3,0.4
96.3,4.1,4.8,1.3,0.4
96.3,4.1,4.7,1.3,0.3
96.3,4.1,4.7,1.3,0.3
96.4,4.1,4.5,1.4,0.3
96.4,4.1,4.5,1.4,0.3
96.5,4.1,4.5,1.4,0.2
96.5,4.1,4.5,1.4,0.2
96.5,4.1,4.5,1.4,0.2
96.6,4.1,4.5,1.5,0.2
96.6,4.1,4.4,1.5,0.1
96.7,4.1,4.4,1.5,0.1
96.7,4.1,4.4,1.5,0.1
96.7,4.1,4.5,1.5,0.0
96.8,4.1,4.5,1.5,0.0
96.8,4.1,4.5,1.5,-0.0
96.9,4.1,4.6,1.5,-0.0
96.9,4.1,4.6,1.6,-0.1
96.9,4.1,4.5,1.6,-0.1
97.0,4.1,4.5,1.6,-0.1
97.0,4.1,4.5,1.6,-0.1
97.1,4.1,4.3,1.6,-0.2
97.1,4.1,4.3,1.6,-0.2
97.1,4.1,4.3,1.6,-0.2
97.2,4.1,4.3,1.6,-0.3
97.2,4.1,4.3,1.6,-0.3
97.3,4.1,4.3,1.6,-0.3
97.3,4.1,4.2,1.6,-0.3
97.3,4.1,4.2,1.6,-0.4
97.4,4.1,4.2,1.6,-0.4
97.4,4.1,4.4,1.6,-0.4
97.5,4.1,4.4,1.6,-0.5
97.5,4.1,4.4,1.6,-0.5
97.5,4.1,4.4,1.5,-0.5
97.6,4.1,4.4,1.5,-0.5
97.6,4.1,4.5,1.5,-0.6
97.7,4.1,4.5,1.5,-0.6
97.7,4.1,4.5,1.5,-0.6
97.7,4.1,4.5,1.5,-0.6
97.8,4.1,4.5,1.5,-0.7
97.8,4.1,4.5,1.5,-0.7
97.9,4.1,4.4,1.5,-0.7
97.9,4.1,4.4,1.4,-0.7
97.9,4.1,4.4,1.4,-0.8
98.0,4.1,4.3,1.4,-0.8
98.0,4.1,4.3,1.4,-0.8
98.1,4.1,4.3,1.4,-0.8
98.1,4.1,4.5,1.4,-0.8
98.1,4.1,4.5,1.3,-0.9
98.2,4.1,4.5,1.3,-0.9
98.2,4.1,4.5,1.3,-0.9
98.3,4.1,4.5,1.3,-0.9
98.3,4.1,4.5,1.3,-0.9
98.3,4.1,4.5,1.3,-1.0
98.4,4.1,4.5,1.2,-1.0
98.4,4.1,4.5,1.2,-1.0
98.5,4.1,4.5,1.2,-1.0
98.5,4.1,4.5,1.2,-1.0
98.5,4.1,4.6,1.2,-1.1
98.6,4.1,4.6,1.1,-1.1
98.6,4.1,4.6,1.1,-1.1
98.7,4.1,4.6,1.1,-1.1
98.7,4.1,4.6,1.1,-1.1
98.7,4.1,4.6,1.1,-1.1
101.7,4.1,4.6,1.0,-1.1
101.8,4.1,4.6,1.0,-1.1
101.8,4.1,4.6,1.0,-1.1
101.8,4.1,4.6,1.0,-1.2
101.9,4.1,4.6,0.9,-1.2
101.9,4.1,4.6,0.9,-1.2
102.0,4.1,4.6,0.9,-1.2
102.0,4.1,4.6,0.9,-1.2
102.0,4.1,4.5,0.9,-1.2
102.1,4.1,4.5,0.8,-1.2
102.1,4.1,4.5,0.8,-1.2
102.2,4.1,4.6,0.8,-1.2
102.2,4.1,4.6,0.8,-1.2
102.2,4.1,4.6,0.8,-1.2
102.3,4.1,4.6,0.7,-1.2
102.3,4.1,4.6,0.7,-1.2
102.4,4.1,4.6,0.7,-1.2
102.4,4.1,4.6,0.7,-1.2
102.4,4.1,4.6,0.7,-1.2
102.5,4.1,4.5,0.6,-1.2
102.5,4.1,4.5,0.6,-1.2
102.6,4.1,4.5,0.6,-1.2
102.6,4.1,4.5,0.6,-1.2
102.6,4.1,4.5,0.5,-1.2
102.7,4.1,4.5,0.5,-1.2
102.7,4.1,4.6,0.5,-1.2
102.8,4.1,4.6,0.5,-1.2
102.8,4.1,4.6,0.5,-1.2
102.8,4.1,4.6,0.5,-1.2
102.9,4.1,4.6,0.4,-1.2
102.9,4.1,4.5,0.4,-1.2
103.0,4.1,4.5,0.4,-1.2
103.0,4.1,4.5,0.4,-1.2
103.0,4.1,4.6,0.4,-1.2
103.1,4.1,4.6,0.3,-1.2
103.1,4.1,4.6,0.3,-1.2
103.2,4.1,4.8,0.3,-1.1
103.2,4.1,4.8,0.3,-1.1
103.2,4.1,4.8,0.3,-1.1
103.3,4.1,4.7,0.2,-1.1
103.3,4.1,4.7,0.2,-1.1
103.4,4.1,4.7,0.2,-1.1
103.4,4.1,4.7,0.2,-1.1
103.4,4.1,4.7,0.2,-1.1
103.5,4.1,4.8,0.2,-1.1
103.5,4.1,4.8,0.2,-1.1
103.6,4.1,4.8,0.1,-1.1
103.6,4.1,4.8,0.1,-1.1
103.6,4.1,4.8,0.1,-1.1
103.7,4.1,4.8,0.1,-1.1
103.7,4.1,4.8,0.1,-1.0
103.8,4.1,4.8,0.1,-1.0
103.8,4.1,4.8,0.1,-1.0
103.8,4.1,4.7,0.1,-1.0
103.9,4.1,4.7,0.0,-1.0
103.9,4.1,4.7,0.0,-1.0
104.0,4.1,4.8,0.0,-1.0
104.0,4.1,4.8,0.0,-1.0
104.0,4.1,4.9,-0.0,-1.0
104.1,4.1,4.9,-0.0,-1.0
104.1,4.1,4.9,-0.0,-1.0
104.2,4.1,4.9,-0.0,-1.0
104.2,4.1,4.9,-0.0,-1.0
104.2,4.1,4.9,-0.1,-1.0
104.3,4.1,5.0,-0.1,-0.9
104.3,4.1,5.0,-0.1,-0.9
104.4,4.1,5.0,-0.1,-0.9
104.4,4.1,5.0,-0.1,-0.9
104.4,4.1,5.0,-0.1,-0.9
104.5,4.1,5.0,-0.1,-0.9
104.5,4.1,5.0,-0.1,-0.9
104.6,4.1,5.0,-0.1,-0.9
104.6,4.1,5.0,-0.1,-0.9
104.6,4.1,4.9,-0.2,-0.9
104.7,4.1,4.9,-0.2,-0.9
104.7,4.1,4.9,-0.2,-0.8
104.8,4.1,4.9,-0.2,-0.8
104.8,4.1,4.9,-0.2,-0.8
104.8,4.1,4.8,-0.2,-0.8
104.9,4.1,4.8,-0.2,-0.8
104.9,4.1,4.8,-0.2,-0.8
105.0,4.1,5.0,-0.2,-0.8
105.0,4.1,5.0,-0.2,-0.7
105.0,4.1,5.0,-0.2,-0.7
105.1,4.1,5.0,-0.2,-0.7
105.1,4.1,5.0,-0.2,-0.7
105.2,4.1,5.0,-0.3,-0.7
105.2,4.1,5.0,-0.3,-0.7
105.2,4.1,5.0,-0.3,-0.7
105.3,4.1,5.1,-0.3,-0.7
105.3,4.1,5.1,-0.3,-0.6
105.4,4.1,5.1,-0.3,-0.6
105.4,4.1,5.0,-0.3,-0.6
105.4,4.1,5.0,-0.3,-0.6
105.5,4.1,5.0,-0.3,-0.6
105.5,4.1,4.9,-0.3,-0.6
105.6,4.1,4.9,-0.3,-0.6
105.6,4.1,4.9,-0.3,-0.6
105.6,4.1,4.9,-0.3,-0.6
105.7,4.1,4.9,-0.3,-0.6
105.7,4.1,4.9,-0.3,-0.6
105.8,4.1,5.0,-0.3,-0.5
105.8,4.1,5.0,-0.3,-0.5
105.8,4.1,5.0,-0.3,-0.5
105.9,4.1,5.0,-0.3,-0.5
105.9,4.1,5.0,-0.3,-0.5
106.0,4.1,5.0,-0.3,-0.5
106.0,4.1,5.0,-0.3,-0.5
106.0,4.1,5.0,-0.3,-0.5
106.1,4.1,4.8,-0.3,-0.5
106.1,4.1,4.8,-0.3,-0.5
106.2,4.1,4.8,-0.3,-0.5
106.2,4.1,4.8,-0.3,-0.5
106.2,4.1,4.8,-0.3,-0.5
106.3,4.1,4.8,-0.3,-0.4
106.3,4.1,5.0,-0.3,-0.4
106.4,4.1,5.0,-0.3,-0.4
106.4,4.1,5.0,-0.3,-0.4
106.4,4.1,4.9,-0.3,-0.4
106.5,4.1,4.9,-0.3,-0.4
106.5,4.1,4.9,-0.3,-0.4
106.6,4.1,4.9,-0.3,-0.4
106.6,4.1,4.9,-0.3,-0.4
106.6,4.1,4.9,-0.3,-0.4
106.7,4.1,4.9,-0.3,-0.4
106.7,4.1,4.9,-0.3,-0.3
106.8,4.1,5.0,-0.3,-0.3
106.8,4.1,5.0,-0.3,-0.3
106.8,4.1,5.0,-0.3,-0.3
106.9,4.1,4.9,-0.3,-0.3
106.9,4.1,4.9,-0.3,-0.3
107.0,4.1,4.9,-0.3,-0.3
107.0,4.1,4.9,-0.3,-0.3
107.0,4.1,4.9,-0.3,-0.3
107.1,4.1,4.9,-0.3,-0.3
107.1,4.1,4.9,-0.3,-0.3
107.2,4.1,4.9,-0.3,-0.3
107.2,4.1,5.0,-0.3,-0.3
107.2,4.1,5.0,-0.3,-0.2
107.3,4.1,5.0,-0.3,-0.2
107.3,4.1,4.9,-0.3,-0.2
107.4,4.1,4.9,-0.3,-0.2
107.4,4.1,4.9,-0.3,-0.2
107.4,4.1,5.0,-0.3,-0.2
107.5,4.1,5.0,-0.3,-0.2
107.5,4.1,5.0,-0.3,-0.2
107.6,4.1,5.1,-0.3,-0.2
107.6,4.1,5.1,-0.3,-0.2
107.6,4.1,5.0,-0.3,-0.2
107.7,4.1,5.0,-0.3,-0.2
107.7,4.1,5.0,-0.3,-0.2
107.8,4.1,5.1,-0.3,-0.2
107.8,4.1,5.1,-0.3,-0.2
107.8,4.1,5.1,-0.3,-0.2
107.9,4.1,5.1,-0.3,-0.2
107.9,4.1,5.1,-0.3,-0.2
108.0,4.1,5.1,-0.3,-0.2
108.0,4.1,5.1,-0.3,-0.2
108.0,4.1,5.1,-0.3,-0.2
108.1,4.1,5.1,-0.3,-0.2
108.1,4.1,5.0,-0.3,-0.2
108.2,4.1,5.0,-0.3,-0.2
108.2,4.1,5.0,-0.3,-0.2
108.2,4.1,4.9,-0.3,-0.2
108.3,4.1,4.9,-0.3,-0.2
108.3,4.1,4.9,-0.3,-0.2
108.4,4.1,4.9,-0.3,-0.2
108.4,4.1,4.9,-0.3,-0.2
108.4,4.1,5.0,-0.3,-0.2
108.5,4.2,5.0,-0.3,-0.2
108.5,4.2,5.0,-0.2,-0.2
108.6,4.2,4.9,-0.2,-0.2
108.6,4.2,4.9,-0.2,-0.2
108.6,4.2,4.9,-0.2,-0.2
108.7,4.2,4.9,-0.2,-0.2
108.7,4.2,4.9,-0.2,-0.2
108.8,4.2,4.9,-0.2,-0.2
108.8,4.2,5.0,-0.2,-0.2
108.8,4.2,5.0,-0.2,-0.2
108.9,4.2,5.1,-0.2,-0.2
108.9,4.2,5.1,-0.2,-0.2
109.0,4.2,5.1,-0.2,-0.2
109.0,4.2,5.0,-0.2,-0.2
109.0,4.2,5.0,-0.2,-0.2
109.1,4.2,5.0,-0.2,-0.2
109.1,4.2,5.0,-0.2,-0.2
109.2,4.2,5.0,-0.2,-0.2
109.2,4.2,5.0,-0.2,-0.2
109.2,4.2,5.1,-0.2,-0.2
109.3,4.2,5.1,-0.2,-0.2
109.3,4.2,5.1,-0.2,-0.1
109.4,4.2,5.0,-0.2,-0.1
109.4,4.2,5.0,-0.2,-0.1
109.4,4.2,5.0,-0.2,-0.0
109.5,4.2,5.0,-0.2,0.1
109.5,4.2,5.0,-0.2,0.1
109.6,4.2,4.8,-0.2,0.2
109.6,4.2,4.8,-0.2,0.3
109.6,4.2,4.8,-0.1,0.4
109.7,4.2,4.9,-0.1,0.5
109.7,4.2,4.9,-0.1,0.6
109.8,4.2,4.9,-0.1,0.7
109.8,4.2,4.8,-0.1,0.8
109.8,4.2,4.8,-0.1,0.9
109.9,4.2,4.8,-0.1,1.0
109.9,4.2,4.7,-0.1,1.1
110.0,4.2,4.7,-0.1,1.2
110.0,4.2,4.7,-0.1,1.3
110.0,4.2,4.8,-0.1,1.4
110.1,4.2,4.8,-0.1,1.5
110.1,4.2,4.9,-0.1,1.6
110.2,4.2,4.9,-0.1,1.7
110.2,4.2,4.9,-0.1,1.8
110.2,4.2,4.9,-0.1,1.9
110.3,4.2,4.9,-0.1,2.0
110.3,4.2,4.9,-0.1,2.1
110.4,4.2,5.0,-0.1,2.2
110.4,4.2,5.0,-0.1,2.3
110.4,4.2,5.0,-0.1,2.4
110.5,4.2,4.8,-0.0,2.5
110.5,4.2,4.8,-0.0,2.6
110.6,4.2,4.8,-0.0,2.7
110.6,4.2,4.7,-0.0,2.8
110.6,4.2,4.7,-0.0,2.9
110.7,4.2,4.7,-0.0,2.9
110.7,4.2,4.7,-0.0,3.0
110.8,4.2,4.7,-0.0,3.1
110.8,4.1,4.6,-0.0,3.2
110.8,4.1,4.6,-0.0,3.3
110.9,4.1,4.6,-0.0,3.3
110.9,4.1,4.6,-0.0,3.4
111.0,4.1,4.6,-0.0,3.5
111.0,4.1,4.6,-0.0,3.6
111.0,4.1,4.4,-0.0,3.7
111.1,4.1,4.4,-0.0,3.7
111.1,4.1,4.4,0.0,3.8
111.2,4.1,4.3,0.0,3.9
111.2,4.1,4.3,0.0,4.0
111.2,4.1,4.2,0.0,4.0
111.3,4.1,4.2,0.0,4.1
111.3,4.1,4.2,0.0,4.2
111.4,4.1,4.1,0.0,4.2
111.4,4.1,4.1,0.0,4.3
111.4,4.1,4.1,0.0,4.4
111.5,4.1,4.1,0.0,4.4
111.5,4.1,4.1,0.0,4.5
111.6,4.1,4.1,0.0,4.6
111.6,4.1,4.1,0.0,4.6
111.6,4.1,4.1,0.0,4.7
111.7,4.1,4.1,0.0,4.7
111.7,4.1,4.0,0.1,4.8
111.8,4.1,4.0,0.1,4.8
111.8,4.1,4.0,0.1,4.8
111.8,4.1,4.1,0.1,4.8
111.9,4.1,4.1,0.1,4.8
111.9,4.1,4.1,0.1,4.8
112.0,4.1,4.1,0.1,4.7
112.0,4.1,4.1,0.1,4.7
112.0,4.1,4.1,0.1,4.6
112.1,4.1,4.1,0.1,4.6
112.1,4.1,4.1,0.1,4.5
112.2,4.1,3.9,0.1,4.4
112.2,4.1,3.9,0.1,4.4
112.2,4.1,3.9,0.1,4.3
112.3,4.1,3.9,0.1,4.2
112.3,4.1,3.9,0.1,4.2
112.4,4.1,3.9,0.1,4.1
112.4,4.1,3.7,0.1,4.0
112.4,4.1,3.7,0.1,4.0
112.5,4.1,3.5,0.1,3.9
112.5,4.1,3.5,0.1,3.8
112.6,4.1,3.5,0.1,3.8
112.6,4.1,3.5,0.1,3.7
112.6,4.1,3.5,0.1,3.6
112.7,4.1,3.5,0.1,3.5
112.7,4.1,3.4,0.1,3.5
112.8,4.1,3.4,0.1,3.4
112.8,4.1,3.4,0.1,3.3
112.8,4.1,3.5,0.1,3.3
112.9,4.1,3.5,0.1,3.2
112.9,4.1,3.5,0.1,3.1
113.0,4.1,3.2,0.1,3.1
113.0,4.1,3.2,0.1,2.9
113.0,4.1,3.3,0.1,2.8
113.1,4.1,3.3,0.1,2.7
113.1,4.1,3.3,0.1,2.5
113.2,4.1,3.3,0.1,2.3
113.2,4.1,3.3,0.1,2.2
113.2,4.1,3.3,0.1,2.1
113.3,4.1,3.1,0.1,2.1
113.3,4.1,3.1,0.1,2.1
113.4,4.1,3.1,0.1,2.2
113.4,4.1,3.2,0.1,2.3
113.4,4.1,3.2,0.1,2.5
113.5,4.1,3.2,0.1,2.7
113.5,4.1,3.2,0.1,2.9
113.6,4.1,3.2,0.1,3.2
113.6,4.1,3.2,0.1,3.4
113.6,4.1,3.0,0.1,3.7
113.7,4.1,3.0,0.2,4.0
113.7,4.1,2.8,0.2,4.3
113.8,4.1,2.8,0.2,4.6
113.8,4.1,2.8,0.2,4.8
113.8,4.1,3.0,0.2,5.2
113.9,4.1,3.0,0.2,5.4
113.9,4.1,3.0,0.2,5.7
114.0,4.1,3.0,0.2,5.9
114.0,4.1,3.0,0.2,6.1
114.0,4.1,3.0,0.3,6.3
114.1,4.1,2.7,0.3,6.5
114.1,4.1,2.7,0.3,6.6
114.2,4.1,2.7,0.3,6.7
114.2,4.1,2.6,0.3,6.8
114.2,4.1,2.6,0.3,6.9
114.3,4.1,2.3,0.3,7.0
114.3,4.1,2.3,0.3,7.0
114.4,4.1,2.3,0.3,7.0
114.4,4.1,2.3,0.3,7.1
114.4,4.1,2.3,0.3,7.1
114.5,4.1,2.3,0.3,7.1
114.5,4.1,2.1,0.3,7.1
114.6,4.1,2.1,0.3,7.1
114.6,4.1,2.1,0.3,7.1
114.6,4.1,1.9,0.3,7.1
114.7,4.1,1.9,0.3,7.0
114.7,4.1,1.9,0.3,7.0
114.8,4.1,2.1,0.3,7.0
114.8,4.1,2.1,0.3,6.9
114.8,4.1,2.0,0.3,6.9
114.9,4.1,2.0,0.3,6.8
114.9,4.1,2.0,0.3,6.8
115.0,4.1,1.6,0.3,6.7
115.0,4.1,1.6,0.3,6.6
115.0,4.1,1.6,0.3,6.6
115.1,4.1,1.2,0.3,6.5
115.1,4.1,1.2,0.3,6.4
115.2,4.1,1.2,0.3,6.4
115.2,4.1,1.5,0.3,6.3
115.2,4.1,1.5,0.3,6.2
115.3,4.1,1.5,0.3,6.1
115.3,4.1,1.7,0.3,6.0
115.4,4.1,1.7,0.3,6.0
115.4,4.1,1.7,0.3,5.9
115.4,4.1,1.3,0.3,5.8
115.5,4.1,1.3,0.3,5.7
115.5,4.1,1.2,0.3,5.6
115.6,4.1,1.2,0.3,5.5
115.6,4.1,1.2,0.2,5.4
115.6,4.1,1.4,0.2,5.3
115.7,4.1,1.4,0.2,5.2
115.7,4.1,1.4,0.2,5.1
115.8,4.1,1.4,0.2,5.0
115.8,4.1,1.4,0.2,4.9
115.8,4.1,1.4,0.2,4.8
115.9,4.1,1.4,0.2,4.7
115.9,4.1,1.4,0.2,4.6
116.0,4.1,1.4,0.2,4.5
116.0,4.1,1.1,0.2,4.4
116.0,4.1,1.1,0.2,4.3
116.1,4.1,0.9,0.2,4.2
116.1,4.1,0.9,0.2,4.1
116.2,4.1,0.9,0.2,4.1
116.2,4.1,1.0,0.2,4.0
116.2,4.1,1.0,0.2,3.8
116.3,4.1,1.0,0.2,3.8
116.3,4.1,1.2,0.1,3.7
116.4,4.1,1.2,0.1,3.5
116.4,4.1,1.2,0.1,3.4
116.4,4.1,1.0,0.1,3.2
116.5,4.1,1.0,0.1,3.0
116.5,4.1,1.0,0.1,2.7
116.6,4.1,0.8,0.1,2.3
116.6,4.1,0.8,0.0,1.9
116.6,4.1,1.0,0.0,1.5
116.7,4.1,1.0,-0.0,1.1
116.7,4.1,1.0,-0.0,0.5
116.8,4.1,1.0,-0.1,0.0
116.8,4.1,1.0,-0.1,-0.5
116.8,4.1,1.0,-0.1,-1.1
116.9,4.1,0.4,-0.1,-1.6
116.9,4.0,0.4,-0.2,-2.1
117.0,4.0,0.4,-0.2,-2.5
117.0,4.0,0.7,-0.2,-2.7
117.0,4.0,0.7,-0.2,-2.9
117.1,4.0,0.7,-0.2,-2.9
117.1,4.0,0.1,-0.2,-2.9
117.2,4.0,0.1,-0.2,-2.8
117.2,4.0,0.1,-0.2,-2.5
117.2,3.9,0.1,-0.1,-2.2
117.3,3.9,0.1,-0.1,-1.9
117.3,3.9,0.7,-0.1,-1.4
117.4,3.9,0.7,-0.1,-1.0
117.4,3.9,0.7,-0.0,-0.5
117.4,3.9,0.5,-0.0,0.0
117.5,3.8,0.5,0.0,0.5
117.5,3.8,0.5,0.0,0.9
117.6,3.8,0.8,0.1,1.4
117.6,3.8,0.8,0.1,1.8
117.6,3.8,0.8,0.1,2.1
117.7,3.7,0.2,0.1,2.5
117.7,3.7,0.2,0.1,2.8
117.8,3.7,0.2,0.2,3.2
117.8,3.7,1.0,0.2,3.5
117.8,3.6,1.0,0.2,3.7
117.9,3.6,0.9,0.2,4.0
117.9,3.6,0.9,0.2,4.2
118.0,3.6,0.9,0.2,4.4
118.0,3.6,0.5,0.2,4.6
118.0,3.5,0.5,0.2,4.8
118.1,3.5,0.5,0.2,5.0
118.1,3.5,0.2,0.2,5.2
118.2,3.5,0.2,0.2,5.3
118.2,3.5,0.2,0.2,5.5
118.2,3.4,0.1,0.2,5.6
118.3,3.4,0.1,0.2,5.7
118.3,3.4,0.1,0.2,5.7
118.4,3.4,0.6,0.2,5.7
118.4,3.4,0.6,0.2,5.6
118.4,3.3,0.7,0.2,5.5
118.5,3.3,0.7,0.2,5.4
118.5,3.3,0.7,0.2,5.2
118.6,3.3,0.1,0.2,5.0
118.6,3.3,0.1,0.2,4.8
118.6,3.2,0.1,0.2,4.5
118.7,3.2,0.6,0.2,4.3
118.7,3.2,0.6,0.1,4.1
118.8,3.2,0.6,0.1,3.9
118.8,3.2,0.8,0.1,3.7
118.8,3.1,0.8,0.1,3.5
118.9,3.1,0.8,0.1,3.3
118.9,3.1,0.2,0.1,3.1
119.0,3.1,0.2,0.1,2.9
119.0,3.1,0.2,0.1,2.8
119.0,3.0,0.6,0.1,2.6
119.1,3.0,0.6,0.1,2.5
119.1,3.0,0.6,0.1,2.3
119.2,3.0,0.6,0.1,2.2
119.2,3.0,0.6,0.1,2.1
119.2,3.0,0.4,0.1,2.0
119.3,2.9,0.4,0.1,1.9
119.3,2.9,0.4,0.1,1.8
119.4,2.9,0.6,0.1,1.7
119.4,2.9,0.6,0.1,1.7
119.4,2.9,0.6,0.1,1.6
119.5,2.8,0.4,0.1,1.5
119.5,2.8,0.4,0.1,1.5
119.6,2.8,0.4,0.1,1.4
119.6,2.8,0.4,0.1,1.3
119.6,2.8,0.4,0.1,1.3
119.7,2.7,0.5,0.1,1.2
119.7,2.7,0.5,0.1,1.2
119.8,2.7,0.5,0.1,1.2
119.8,2.7,0.3,0.1,1.1
119.8,2.7,0.3,0.1,1.1
119.9,2.6,0.3,0.1,1.1
119.9,2.6,0.4,0.1,1.0
120.0,2.6,0.4,0.1,1.0
120.0,2.6,0.4,0.1,1.0
120.0,2.6,0.8,0.1,1.0
120.1,2.5,0.8,0.1,0.9
120.1,2.5,0.8,0.1,0.9
120.2,2.5,1.0,0.1,0.9
120.2,2.5,1.0,0.1,0.9
120.2,2.5,0.6,0.1,0.9
120.3,2.4,0.6,0.1,0.9
120.3,2.4,0.6,0.1,0.9
120.4,2.4,0.2,0.1,0.8
120.4,2.4,0.2,0.1,0.8
120.4,2.4,0.2,0.1,0.8
120.5,2.3,0.3,0.1,0.8
120.5,2.3,0.3,0.1,0.8
120.6,2.3,0.3,0.1,0.8
120.6,2.3,0.3,0.1,0.8
120.6,2.3,0.3,0.1,0.8
120.7,2.2,0.3,0.1,0.8
120.7,2.2,0.5,0.1,0.8
120.8,2.2,0.5,0.1,0.8
120.8,2.2,0.5,0.1,0.8
120.8,2.2,0.8,0.1,0.8
120.9,2.1,0.8,0.1,0.8
120.9,2.1,0.1,0.1,0.8
121.0,2.1,0.1,0.1,0.8
121.0,2.1,0.1,0.1,0.8
121.0,2.1,0.7,0.1,0.8
121.1,2.0,0.7,0.1,0.8
121.1,2.0,0.7,0.1,0.8
121.2,2.0,0.8,0.1,0.8
121.2,2.0,0.8,0.1,0.8
121.2,2.0,0.8,0.1,0.8
121.3,1.9,0.9,0.1,0.8
121.3,1.9,0.9,0.1,0.8
121.4,1.9,0.9,0.1,0.8
121.4,1.9,0.9,0.1,0.8
121.4,1.9,0.9,0.1,0.8
121.5,1.8,0.4,0.1,0.8
121.5,1.8,0.4,0.1,0.8
121.6,1.8,0.4,0.1,0.8
121.6,1.8,0.2,0.1,0.8
121.6,1.8,0.2,0.1,0.8
121.7,1.7,0.2,0.1,0.8
121.7,1.7,0.2,0.1,0.8
121.8,1.7,0.2,0.1,0.8
121.8,1.7,0.2,0.1,0.8
121.8,1.7,0.7,0.1,0.8
121.9,1.6,0.7,0.1,0.8
121.9,1.6,0.7,0.1,0.8
122.0,1.6,0.9,0.1,0.8
122.0,1.6,0.9,0.1,0.8
122.0,1.6,1.1,0.1,0.8
122.1,1.5,1.1,0.1,0.8
122.1,1.5,1.1,0.1,0.9
122.2,1.5,1.0,0.1,0.9
122.2,1.5,1.0,0.1,0.9
122.2,1.5,1.0,0.1,0.9
122.3,1.4,0.7,0.1,0.9
122.3,1.4,0.7,0.1,0.9
122.4,1.4,0.7,0.1,0.9
122.4,1.4,0.6,0.1,0.9
122.4,1.4,0.6,0.1,0.9
122.5,1.3,0.6,0.1,0.9
122.5,1.3,0.2,0.1,0.9
122.6,1.3,0.2,0.1,0.9
122.6,1.3,0.2,0.1,0.9
122.6,1.3,0.3,0.1,0.9
122.7,1.2,0.3,0.1,0.9
122.7,1.2,0.4,0.1,0.9
122.8,1.2,0.4,0.1,0.9
122.8,1.2,0.4,0.1,0.9
122.8,1.2,0.6,0.1,0.9
122.9,1.1,0.6,0.1,0.9
122.9,1.1,0.6,0.1,0.9
123.0,1.1,0.8,0.1,0.9
123.0,1.1,0.8,0.1,0.9
123.0,1.1,0.8,0.1,0.9
123.1,1.0,1.0,0.1,0.9
123.1,1.0,1.0,0.1,0.9
123.2,1.0,1.0,0.1,0.9
123.2,1.0,0.4,0.1,0.9
123.2,1.0,0.4,0.1,0.9
123.3,0.9,0.5,0.1,0.9
123.3,0.9,0.5,0.1,0.9
123.4,0.9,0.5,0.1,0.9
123.4,0.9,0.3,0.1,0.9
123.4,0.9,0.3,0.1,0.9
123.5,0.8,0.3,0.1,0.9
123.5,0.8,0.2,0.1,0.9
123.6,0.8,0.2,0.1,0.8
123.6,0.8,0.2,0.1,0.8
123.6,0.8,0.6,0.1,0.8
123.7,0.8,0.6,0.1,0.8
123.7,0.7,0.6,0.1,0.8
123.8,0.7,0.8,0.1,0.8
123.8,0.7,0.8,0.1,0.8
123.8,0.7,0.9,0.1,0.8
123.9,0.7,0.9,0.1,0.8
123.9,0.6,0.9,0.1,0.8
124.0,0.6,0.8,0.1,0.8
124.0,0.6,0.8,0.1,0.8
124.0,0.6,0.8,0.1,0.8
124.1,0.5,0.8,0.1,0.8
124.1,0.5,0.8,0.0,0.8
124.2,0.5,0.8,0.1,0.8
124.2,0.5,0.9,0.1,0.8
124.2,0.5,0.9,0.0,0.8
124.3,0.4,0.9,0.0,0.8
124.3,0.4,0.5,0.0,0.8
124.4,0.4,0.5,0.0,0.8
124.4,0.4,0.5,0.0,0.8
124.4,0.4,0.4,0.0,0.8
124.5,0.3,0.4,0.0,0.8
124.5,0.3,0.1,0.0,0.8
124.6,0.3,0.1,0.0,0.8
124.6,0.3,0.1,0.0,0.8
124.6,0.3,0.7,0.0,0.8
124.7,0.2,0.7,0.0,0.8
124.7,0.2,0.7,0.0,0.8
124.8,0.2,0.9,0.0,0.8
124.8,0.2,0.9,0.0,0.8
124.8,0.2,0.9,0.0,0.8
124.9,0.1,0.9,0.0,0.8
124.9,0.1,0.9,0.0,0.8
125.0,0.1,0.9,0.0,0.8
125.0,0.1,0.4,0.0,0.8
125.0,0.1,0.4,0.0,0.8
125.1,0.0,0.3,0.0,0.8
125.1,0.0,0.3,0.0,0.2
125.2,0.0,0.3,0.0,0.2
125.2,0.0,0.5,0.0,0.2
125.2,0.0,0.5,0.0,0.2
125.3,0.0,0.5,0.0,0.2
125.3,0.0,0.1,0.0,0.2
125.4,0.0,0.1,0.0,0.2
125.4,0.0,0.1,0.0,0.2
125.4,0.0,0.8,0.0,0.2
125.5,0.0,0.8,0.0,0.2
125.5,0.0,0.8,0.0,0.2
125.6,0.0,0.7,0.0,0.2
125.6,0.0,0.7,0.0,0.2
125.6,0.0,0.2,0.0,0.2
125.7,0.0,0.2,0.0,0.2
125.7,0.0,0.2,0.0,0.2
125.8,0.0,0.4,0.0,0.2
125.8,0.0,0.4,0.0,0.2
125.8,0.0,0.4,0.0,0.2
125.9,0.0,0.6,0.0,0.2
125.9,0.0,0.6,0.0,0.2
126.0,0.0,0.6,0.0,0.2
126.0,0.0,0.8,0.0,0.2
126.0,0.0,0.8,0.0,0.2
126.1,0.0,0.8,0.0,0.2
126.1,0.0,0.6,0.0,0.2
126.2,0.0,0.6,0.0,0.2
126.2,0.0,0.6,0.0,0.2
126.2,0.0,0.3,0.0,0.2
126.3,0.0,0.3,0.0,0.2
126.3,0.0,0.7,0.0,0.2
126.4,0.0,0.7,0.0,0.2
126.4,0.0,0.7,0.0,0.2
126.4,0.0,0.3,0.0,0.2
126.5,0.0,0.3,0.0,0.2
126.5,0.0,0.3,0.0,0.2
126.6,0.0,0.6,0.0,0.2
126.6,0.0,0.6,0.0,0.2
126.6,0.0,0.6,0.0,0.2
126.7,0.0,0.8,0.0,0.2
126.7,0.0,0.8,0.0,0.2
126.8,0.0,0.8,0.0,0.2
126.8,0.0,1.0,0.0,0.2
126.8,0.0,1.0,0.0,0.2
126.9,0.0,0.8,0.0,0.2
126.9,0.0,0.8,0.0,0.2
127.0,0.0,0.8,0.0,0.2
127.0,0.0,0.1,0.0,0.2
127.0,0.0,0.1,0.0,0.2
127.1,0.0,0.1,0.0,0.2
127.1,0.0,0.8,0.0,0.2
127.2,0.0,0.8,0.0,0.2
127.2,0.0,0.8,0.0,0.2
127.2,0.0,0.5,0.0,0.2
127.3,0.0,0.5,0.0,0.2
127.3,0.0,0.5,0.0,0.2
127.4,0.0,0.3,0.0,0.2
127.4,0.0,0.3,0.0,0.2
127.4,0.0,0.5,0.0,0.2
127.5,0.0,0.5,0.0,0.2
127.5,0.0,0.5,0.0,0.2
127.6,0.0,0.6,0.0,0.2
127.6,0.0,0.6,0.0,0.2
127.6,0.0,0.6,0.0,0.2
127.7,0.0,0.2,0.0,0.2
127.7,0.0,0.2,0.0,0.2
127.8,0.0,0.2,0.0,0.2
127.8,0.0,0.5,0.0,0.2
127.8,0.0,0.5,0.0,0.2
127.9,0.0,0.5,0.0,0.2
127.9,0.0,0.6,0.0,0.2
128.0,0.0,0.6,0.0,0.2
128.0,0.0,0.6,0.0,0.2
128.0,0.0,0.7,0.0,0.2
128.1,0.0,0.7,0.0,0.2
128.1,0.0,0.3,0.0,0.2
128.2,0.0,0.3,0.0,0.2
128.2,0.0,0.3,0.0,0.2
128.2,0.0,0.6,0.0,0.2
128.3,0.0,0.6,0.0,0.2
128.3,0.0,0.6,0.0,0.2
128.4,0.0,0.5,0.0,0.2
128.4,0.0,0.5,0.0,0.2
128.4,0.0,0.5,0.0,0.2
128.5,0.0,0.4,0.0,0.2
128.5,0.0,0.4,0.0,0.2
128.6,0.0,0.4,0.0,0.2
128.6,0.0,0.6,0.0,0.2
128.6,0.0,0.6,0.0,0.2
128.7,0.0,0.6,0.0,0.2
128.7,0.0,0.6,0.0,0.2
128.8,0.0,0.6,0.0,0.2
128.8,0.0,0.5,0.0,0.2
128.8,0.0,0.5,0.0,0.2
128.9,0.0,0.5,0.0,0.2
128.9,0.0,0.6,0.0,0.2
129.0,0.0,0.6,0.0,0.2
129.0,0.0,0.6,0.0,0.2
129.0,0.1,0.6,0.0,0.2
129.1,0.1,0.6,0.0,0.2
129.1,0.1,0.6,0.0,0.2
129.2,0.1,0.8,0.0,0.2
129.2,0.1,0.8,0.0,0.2
129.2,0.1,0.9,0.0,0.2
129.3,0.1,0.9,0.0,0.2
129.3,0.1,0.9,0.0,0.2
129.4,0.1,0.9,0.0,0.2
129.4,0.1,0.9,0.0,0.2
129.4,0.1,0.9,0.0,0.2
129.5,0.1,0.3,0.0,0.2
129.5,0.1,0.3,0.0,0.2
129.6,0.1,0.3,0.0,0.2
129.6,0.0,0.8,0.0,0.2
129.6,0.0,0.8,0.0,0.2
129.7,0.0,0.8,0.0,0.2
129.7,0.0,0.3,0.0,0.2
129.8,0.0,0.3,0.0,0.2
129.8,0.0,0.3,0.0,0.2
129.8,0.0,0.2,0.0,0.2
129.9,0.0,0.2,0.0,0.2
129.9,0.0,0.7,0.0,0.2
130.0,0.0,0.7,0.0,0.2
130.0,0.0,0.7,0.0,0.2
130.0,0.0,0.7,0.0,0.2
130.1,0.0,0.7,0.0,0.2
130.1,0.0,0.7,0.0,0.2
130.2,0.0,0.3,0.0,0.2
130.2,0.0,0.3,0.0,0.2
130.2,0.0,0.3,0.0,0.2
130.3,0.0,0.7,0.0,0.2
130.3,0.0,0.7,0.0,0.2
130.4,0.0,0.7,0.0,0.2
130.4,0.0,0.5,0.0,0.2
130.4,0.0,0.5,0.0,0.2
130.5,0.0,0.7,0.0,0.2
130.5,0.0,0.7,0.0,0.2
130.6,0.0,0.7,0.0,0.2
130.6,0.0,0.6,0.0,0.2
130.6,0.0,0.6,0.0,0.2
130.7,0.0,0.6,0.0,0.2
130.7,0.0,0.8,,
