alpha,CL,CD,CM
-8.00,-0.82204,0.03540,-0.01223
-7.50,-0.78428,0.03082,-0.01009
-7.00,-0.73953,0.02712,-0.00827
-6.50,-0.69269,0.02405,-0.00656
-6.00,-0.64681,0.02154,-0.00484
-5.50,-0.60222,0.01951,-0.00313
-5.00,-0.55873,0.01764,-0.00156
-4.50,-0.51597,0.01569,0.00027
-4.00,-0.47324,0.01396,0.00302
-3.50,-0.43012,0.01295,0.00610
-3.00,-0.38548,0.01242,0.00953
-2.50,-0.34282,0.01208,0.01399
-2.00,-0.29167,0.01202,0.01622
-1.50,-0.21044,0.01216,0.01134
-1.00,-0.12503,0.01226,0.00477
-0.50,-0.05570,0.01227,0.00106
0.00,-0.00000,0.01227,0.00000
0.50,0.05570,0.01227,-0.00106
1.00,0.12503,0.01226,-0.00477
1.50,0.21044,0.01216,-0.01134
2.00,0.29167,0.01202,-0.01622
2.50,0.34282,0.01208,-0.01399
3.00,0.38548,0.01242,-0.00953
3.50,0.43012,0.01295,-0.00610
4.00,0.47324,0.01396,-0.00302
4.50,0.51597,0.01569,-0.00027
5.00,0.55873,0.01764,0.00156
5.50,0.60222,0.01951,0.00313
6.00,0.64681,0.02154,0.00484
6.50,0.69269,0.02405,0.00656
7.00,0.73953,0.02712,0.00827
7.50,0.78428,0.03082,0.01009
8.00,0.82204,0.03540,0.01223
8.50,0.84869,0.04114,0.01497
9.00,0.86160,0.04813,0.01838
9.50,0.85320,0.05704,0.02076
10.00,0.78474,0.07542,0.01343
10.50,0.70669,0.10053,-0.00336
11.00,0.68227,0.11616,-0.01427
11.50,0.67468,0.12824,-0.02026
12.00,0.67514,0.13842,-0.02457
12.50,0.68013,0.14738,-0.02845
13.00,0.68758,0.15559,-0.03233
13.50,0.69647,0.16331,-0.03638
14.00,0.70636,0.17068,-0.04068
14.50,0.71705,0.17781,-0.04532
15.00,0.72838,0.18479,-0.05041
15.50,0.74023,0.19172,-0.05607
16.00,0.75241,0.19873,-0.06245
