t,lat,lon,alt,asp,gs
0.0,-35.3632622,149.1652376,0.2,1.0,0.0
0.1,-35.3632622,149.1652376,0.2,0.6,0.0
0.1,-35.3632622,149.1652376,0.2,0.7,0.0
0.2,-35.3632622,149.1652376,0.2,0.5,0.0
0.3,-35.3632622,149.1652376,0.2,0.7,0.0
0.3,-35.3632622,149.1652376,0.2,0.9,0.0
0.4,-35.3632622,149.1652376,0.2,0.7,0.0
0.5,-35.3632622,149.1652376,0.4,0.9,0.0
0.5,-35.3632622,149.1652376,0.7,0.1,0.1
0.6,-35.3632621,149.1652376,1.1,0.4,0.1
0.7,-35.3632617,149.1652376,1.7,0.3,0.2
0.7,-35.3632613,149.1652375,2.2,0.8,0.3
0.8,-35.3632607,149.1652374,2.9,0.9,0.3
0.9,-35.3632601,149.1652373,3.5,0.7,0.4
0.9,-35.3632594,149.1652371,4.1,1.2,0.4
1.0,-35.3632586,149.165237,4.7,0.8,0.4
1.1,-35.3632579,149.1652369,5.3,0.7,0.4
1.1,-35.3632572,149.1652367,5.8,1.2,0.3
1.2,-35.3632566,149.1652366,6.4,1.0,0.3
1.3,-35.3632562,149.1652365,6.9,0.7,0.2
1.3,-35.3632558,149.1652364,7.4,0.9,0.2
1.4,-35.3632555,149.1652363,7.9,0.3,0.1
1.5,-35.3632553,149.1652363,8.3,0.4,0.0
1.5,-35.3632552,149.1652363,8.8,0.8,0.0
1.6,-35.3632552,149.1652363,9.3,0.5,0.1
1.7,-35.3632554,149.1652363,9.8,0.7,0.1
1.7,-35.3632556,149.1652363,10.3,0.7,0.2
1.8,-35.3632558,149.1652363,10.8,0.8,0.2
1.9,-35.3632561,149.1652363,11.3,0.2,0.2
1.9,-35.3632565,149.1652364,11.8,0.5,0.2
2.0,-35.3632568,149.1652365,12.3,0.3,0.2
2.1,-35.3632572,149.1652366,12.8,0.6,0.2
2.1,-35.3632576,149.1652366,13.3,0.5,0.2
2.2,-35.363258,149.1652367,13.8,0.8,0.2
2.3,-35.3632584,149.1652368,14.3,0.6,0.2
2.3,-35.3632588,149.1652369,14.8,0.7,0.2
2.4,-35.3632592,149.165237,15.3,0.9,0.2
2.5,-35.3632596,149.1652371,15.8,0.5,0.2
2.5,-35.3632599,149.1652372,16.3,0.3,0.2
2.6,-35.3632603,149.1652373,16.8,0.7,0.2
2.7,-35.3632606,149.1652374,17.3,0.8,0.2
2.7,-35.3632609,149.1652375,17.8,0.3,0.2
2.8,-35.3632612,149.1652376,18.3,0.4,0.2
2.9,-35.3632615,149.1652377,18.8,1.0,0.2
2.9,-35.3632618,149.1652378,19.3,1.0,0.1
3.0,-35.363262,149.1652379,19.8,0.1,0.1
3.1,-35.3632622,149.1652379,20.3,0.9,0.1
3.1,-35.3632624,149.165238,20.8,0.9,0.1
3.2,-35.3632625,149.1652381,21.3,0.9,0.1
3.3,-35.3632627,149.1652381,21.8,0.5,0.1
3.3,-35.3632628,149.1652382,22.3,0.8,0.1
3.4,-35.3632629,149.1652382,22.8,0.8,0.1
3.5,-35.363263,149.1652383,23.3,0.3,0.1
3.5,-35.363263,149.1652383,23.8,0.6,0.1
3.6,-35.3632631,149.1652383,24.3,0.8,0.1
3.7,-35.3632631,149.1652383,24.8,0.8,0.0
3.7,-35.3632632,149.1652383,25.3,0.3,0.0
3.8,-35.3632632,149.1652384,25.8,0.6,0.0
3.9,-35.3632632,149.1652384,26.3,0.6,0.0
3.9,-35.3632632,149.1652384,26.8,0.7,0.0
4.0,-35.3632631,149.1652384,27.3,0.8,0.0
4.1,-35.3632631,149.1652384,27.8,0.5,0.0
4.1,-35.3632631,149.1652384,28.3,1.0,0.0
4.2,-35.3632631,149.1652384,28.8,1.1,0.0
4.3,-35.3632631,149.1652384,29.3,0.7,0.0
4.3,-35.363263,149.1652383,29.8,0.6,0.0
4.4,-35.363263,149.1652383,30.3,0.4,0.0
4.5,-35.3632629,149.1652383,30.8,1.0,0.0
4.5,-35.3632628,149.1652383,31.3,1.1,0.0
4.6,-35.3632628,149.1652382,31.8,0.9,0.0
4.7,-35.3632627,149.1652382,32.3,1.0,0.0
4.7,-35.3632626,149.1652382,32.8,0.7,0.0
4.8,-35.3632626,149.1652381,33.3,0.9,0.0
4.9,-35.3632625,149.1652381,33.8,0.2,0.0
4.9,-35.3632625,149.165238,34.3,0.5,0.0
5.0,-35.3632624,149.165238,34.8,0.5,0.0
5.1,-35.3632624,149.165238,35.3,0.8,0.0
5.1,-35.3632623,149.1652379,35.8,1.3,0.1
5.2,-35.3632619,149.1652378,36.3,1.0,0.4
5.3,-35.3632607,149.1652377,36.7,0.3,0.9
5.3,-35.3632585,149.1652374,37.1,0.7,1.6
5.4,-35.363255,149.165237,37.3,1.6,2.2
5.5,-35.3632504,149.1652365,37.5,2.0,2.9
5.5,-35.3632446,149.165236,37.5,2.2,3.5
5.6,-35.3632377,149.1652357,37.5,3.2,4.2
5.7,-35.3632295,149.1652357,37.4,3.8,4.9
5.7,-35.3632201,149.1652361,37.3,4.6,5.6
5.8,-35.3632094,149.1652374,37.2,5.2,6.2
5.9,-35.3631978,149.1652397,37.1,5.9,6.9
5.9,-35.3631852,149.1652432,37.1,6.4,7.5
6.0,-35.3631717,149.1652482,37.1,7.0,8.1
6.1,-35.3631576,149.1652548,37.0,7.6,8.7
6.1,-35.363143,149.1652632,37.0,8.2,9.3
6.2,-35.3631282,149.1652732,37.0,8.7,9.8
6.3,-35.3631131,149.1652853,37.0,9.4,10.4
6.3,-35.3630979,149.1652994,37.0,9.9,10.9
6.4,-35.3630827,149.1653155,37.0,10.5,11.4
6.5,-35.3630676,149.1653338,37.0,10.9,11.9
6.5,-35.3630532,149.1653537,37.0,11.3,12.3
6.6,-35.3630393,149.1653755,37.0,11.7,12.8
6.7,-35.3630261,149.1653992,36.9,12.2,13.2
6.7,-35.3630139,149.1654248,36.9,12.6,13.7
6.8,-35.3630029,149.1654521,36.9,13.1,14.1
6.9,-35.3629935,149.1654812,36.8,13.4,14.4
6.9,-35.3629858,149.1655119,36.8,13.8,14.8
7.0,-35.3629802,149.1655441,36.7,14.2,15.2
7.0,-35.3629767,149.1655775,36.7,14.5,15.5
7.1,-35.3629755,149.1656114,36.7,14.9,15.8
7.2,-35.3629766,149.1656467,36.6,15.2,16.1
7.3,-35.3629801,149.165682,36.6,15.5,16.3
7.3,-35.362986,149.1657175,36.5,15.7,16.6
7.4,-35.362994,149.1657527,36.5,16.0,16.8
7.5,-35.363004,149.1657876,36.5,16.2,17.0
7.5,-35.3630157,149.1658222,36.5,16.3,17.2
7.6,-35.3630289,149.1658565,36.4,16.5,17.4
7.7,-35.3630435,149.1658904,36.4,16.8,17.5
7.7,-35.3630591,149.1659242,36.4,16.9,17.7
7.8,-35.3630754,149.1659578,36.4,17.1,17.9
10.8,-35.3630924,149.1659914,36.4,17.3,18.1
10.8,-35.3631097,149.1660252,36.4,17.5,18.2
10.9,-35.3631272,149.1660594,36.2,17.7,18.4
11.0,-35.3631446,149.166094,36.0,17.9,18.6
11.1,-35.3631617,149.1661292,35.7,18.1,18.8
11.1,-35.3631781,149.1661652,35.5,18.2,18.9
11.2,-35.3631936,149.166202,35.3,18.3,18.8
11.3,-35.3632078,149.1662394,35.4,18.2,18.7
11.3,-35.3632206,149.1662769,35.5,18.1,18.4
11.4,-35.3632319,149.1663146,35.8,17.9,18.1
11.4,-35.3632418,149.1663521,36.1,17.7,17.7
11.5,-35.3632503,149.1663892,36.5,17.4,17.3
11.6,-35.3632576,149.1664259,36.8,17.0,16.9
11.6,-35.3632637,149.1664619,37.1,16.6,16.5
11.7,-35.3632689,149.1664974,37.4,16.2,16.1
11.8,-35.3632733,149.1665324,37.6,15.8,15.8
11.8,-35.3632769,149.1665668,37.7,15.5,15.5
11.9,-35.36328,149.1666006,37.8,15.2,15.2
12.0,-35.3632822,149.166634,37.7,14.9,15.0
12.0,-35.3632834,149.1666671,37.6,14.7,14.9
12.1,-35.3632832,149.1666999,37.4,14.5,14.8
12.2,-35.363281,149.1667325,37.1,14.5,14.8
12.2,-35.3632763,149.1667647,36.8,14.5,14.8
12.3,-35.3632687,149.1667961,36.6,14.4,14.8
12.4,-35.3632584,149.1668262,36.4,14.4,14.8
12.4,-35.3632454,149.1668547,36.2,14.4,14.8
12.5,-35.3632299,149.1668813,36.0,14.4,14.8
12.6,-35.3632122,149.1669055,35.9,14.3,14.7
12.6,-35.3631925,149.1669269,35.8,14.3,14.6
12.7,-35.3631712,149.1669455,35.7,14.2,14.6
12.8,-35.3631483,149.1669611,35.7,14.1,14.5
12.8,-35.3631245,149.1669734,35.6,14.0,14.4
12.9,-35.3630999,149.1669827,35.6,14.0,14.3
13.0,-35.3630749,149.1669889,35.5,13.8,14.2
13.0,-35.3630498,149.1669924,35.5,13.7,14.1
13.1,-35.3630246,149.1669932,35.4,13.6,14.0
13.2,-35.3629996,149.1669918,35.4,13.5,13.9
13.2,-35.3629749,149.1669882,35.3,13.5,13.8
13.3,-35.3629506,149.1669826,35.2,13.4,13.7
13.4,-35.3629267,149.1669755,35.1,13.3,13.6
13.4,-35.3629032,149.166967,35.0,13.3,13.6
13.5,-35.3628801,149.1669573,34.9,13.2,13.5
13.6,-35.3628573,149.1669467,34.8,13.2,13.5
13.6,-35.3628349,149.1669354,34.7,13.1,13.5
13.7,-35.3628127,149.1669235,34.6,13.1,13.4
13.8,-35.3627908,149.1669112,34.4,13.0,13.4
13.8,-35.3627688,149.1668986,34.3,13.0,13.4
13.9,-35.3627471,149.1668859,34.2,13.0,13.3
14.0,-35.3627257,149.1668728,34.1,13.0,13.3
14.0,-35.3627048,149.1668588,34.0,12.9,13.3
14.1,-35.3626846,149.1668434,34.0,12.9,13.3
14.2,-35.3626653,149.1668262,33.9,12.8,13.3
14.2,-35.3626472,149.1668072,33.8,12.9,13.3
14.3,-35.3626304,149.1667863,33.7,12.9,13.4
14.4,-35.362615,149.1667638,33.7,12.9,13.4
14.4,-35.3626012,149.1667397,33.6,12.9,13.4
14.5,-35.3625891,149.1667144,33.6,12.9,13.4
14.6,-35.3625788,149.166688,33.6,12.9,13.3
14.6,-35.3625702,149.1666605,33.7,12.9,13.3
14.7,-35.3625635,149.1666325,33.7,12.9,13.2
14.8,-35.3625587,149.1666041,33.8,12.9,13.1
14.8,-35.3625555,149.1665755,33.9,12.7,13.0
14.9,-35.3625539,149.166547,34.0,12.6,12.9
15.0,-35.3625537,149.1665186,34.1,12.5,12.8
15.0,-35.3625545,149.1664905,34.2,12.4,12.7
15.1,-35.3625563,149.1664627,34.2,12.3,12.7
15.2,-35.362559,149.166435,34.3,12.3,12.6
15.2,-35.3625624,149.1664078,34.3,12.1,12.6
15.3,-35.3625664,149.1663805,34.3,12.2,12.5
15.4,-35.3625709,149.1663534,34.3,12.1,12.5
15.4,-35.3625757,149.1663265,34.2,12.1,12.5
15.5,-35.3625808,149.1662996,34.2,12.1,12.5
15.6,-35.3625861,149.1662728,34.2,12.1,12.5
15.6,-35.3625915,149.1662461,34.1,12.1,12.5
15.7,-35.362597,149.1662195,34.1,12.1,12.5
15.8,-35.3626024,149.166193,34.1,12.0,12.4
15.8,-35.3626077,149.1661664,34.1,12.0,12.4
15.9,-35.3626128,149.1661399,34.1,12.0,12.4
16.0,-35.3626177,149.1661134,34.1,11.9,12.3
16.0,-35.3626224,149.1660868,34.2,11.9,12.3
16.1,-35.3626268,149.1660601,34.2,11.9,12.3
16.2,-35.3626308,149.1660336,34.2,11.9,12.3
16.2,-35.3626346,149.166007,34.2,11.9,12.2
16.3,-35.362638,149.1659804,34.3,11.9,12.2
16.4,-35.362641,149.1659538,34.3,11.9,12.2
16.4,-35.3626437,149.1659271,34.3,11.8,12.1
16.5,-35.362646,149.1659004,34.3,11.8,12.1
16.6,-35.362648,149.1658738,34.4,11.8,12.1
16.6,-35.3626496,149.1658473,34.4,11.7,12.1
16.7,-35.362651,149.1658207,34.4,11.7,12.1
16.8,-35.362652,149.165794,34.4,11.6,12.1
16.8,-35.3626527,149.1657674,34.5,11.6,12.0
16.9,-35.3626531,149.1657408,34.5,11.6,12.0
17.0,-35.3626533,149.1657143,34.5,11.6,12.0
17.0,-35.3626533,149.1656877,34.5,11.7,12.0
17.1,-35.3626531,149.1656612,34.5,11.6,12.0
17.2,-35.3626526,149.1656347,34.6,11.6,12.0
17.2,-35.3626522,149.1656082,34.6,11.6,12.0
17.3,-35.3626514,149.1655817,34.6,11.6,12.0
17.4,-35.3626506,149.1655552,34.6,11.6,12.0
17.4,-35.3626496,149.1655288,34.6,11.6,12.0
17.5,-35.3626486,149.1655022,34.7,11.6,12.0
17.6,-35.3626475,149.1654757,34.7,11.6,12.0
17.6,-35.3626464,149.1654493,34.7,11.6,12.0
17.7,-35.3626451,149.1654228,34.7,11.5,12.0
17.8,-35.3626434,149.1653964,34.7,11.6,12.0
17.8,-35.3626408,149.16537,34.7,11.6,12.1
17.9,-35.362637,149.1653436,34.6,11.7,12.2
18.0,-35.3626317,149.1653175,34.6,11.8,12.3
18.0,-35.3626247,149.1652916,34.4,11.9,12.5
18.1,-35.362616,149.1652661,34.3,12.1,12.7
18.2,-35.3626055,149.1652412,34.1,12.2,12.9
18.2,-35.3625932,149.1652169,33.9,12.5,13.1
18.3,-35.3625789,149.1651934,33.7,12.7,13.3
18.4,-35.3625629,149.1651714,33.5,12.9,13.5
18.4,-35.362545,149.1651509,33.3,13.1,13.7
18.5,-35.3625254,149.1651322,33.2,13.2,13.9
18.6,-35.3625042,149.1651157,33.1,13.4,14.1
18.6,-35.3624816,149.1651016,33.0,13.6,14.2
18.7,-35.3624578,149.16509,32.9,13.7,14.3
18.8,-35.3624331,149.1650813,33.0,13.8,14.3
18.8,-35.3624079,149.1650755,33.0,13.9,14.3
18.9,-35.3623824,149.1650726,33.2,13.8,14.2
19.0,-35.362357,149.1650725,33.4,13.8,14.0
19.0,-35.362332,149.165075,33.7,13.7,13.8
19.1,-35.3623075,149.1650798,34.1,13.5,13.5
19.2,-35.3622844,149.1650864,34.5,13.2,13.1
19.2,-35.3622623,149.1650943,34.9,12.9,12.8
19.3,-35.3622408,149.1651031,35.3,12.6,12.5
19.4,-35.3622199,149.1651124,35.7,12.3,12.3
19.4,-35.3621994,149.1651221,35.9,12.0,12.1
19.5,-35.3621794,149.1651319,36.0,11.8,12.0
19.6,-35.3621597,149.1651417,36.1,11.6,11.9
19.6,-35.3621402,149.1651517,36.1,11.5,11.8
19.7,-35.3621206,149.1651621,36.0,11.4,11.8
19.8,-35.3621011,149.1651734,35.8,11.5,11.9
19.8,-35.3620823,149.1651856,35.7,11.5,12.0
19.9,-35.3620639,149.1651994,35.4,11.6,12.1
20.0,-35.3620459,149.165215,35.2,11.7,12.3
20.0,-35.3620287,149.1652322,34.9,11.9,12.5
20.1,-35.3620122,149.1652511,34.6,12.1,12.7
20.2,-35.3619967,149.1652716,34.3,12.4,12.9
20.2,-35.3619821,149.1652939,34.0,12.5,13.2
20.3,-35.3619686,149.1653181,33.8,12.7,13.4
20.4,-35.3619565,149.1653439,33.5,13.0,13.6
20.4,-35.361946,149.1653712,33.3,13.2,13.8
20.5,-35.3619371,149.1654001,33.1,13.3,13.9
20.6,-35.3619302,149.1654297,33.0,13.5,14.0
20.6,-35.3619251,149.1654601,33.0,13.6,14.1
20.7,-35.361922,149.165491,33.0,13.5,14.0
20.8,-35.3619208,149.1655217,33.2,13.5,13.9
20.8,-35.3619214,149.1655522,33.4,13.5,13.7
20.9,-35.3619233,149.1655821,33.7,13.4,13.5
21.0,-35.3619267,149.1656111,34.0,13.1,13.1
21.0,-35.361931,149.1656392,34.4,12.9,12.8
21.1,-35.3619359,149.1656661,34.8,12.7,12.5
21.2,-35.3619414,149.1656931,35.2,12.3,12.3
21.2,-35.361947,149.1657191,35.4,12.1,12.1
21.3,-35.3619527,149.1657448,35.6,11.8,12.0
21.4,-35.3619585,149.1657703,35.7,11.7,11.9
21.4,-35.3619643,149.1657956,35.7,11.5,11.9
21.5,-35.3619701,149.1658208,35.6,11.5,11.9
21.6,-35.3619758,149.1658461,35.5,11.5,11.9
21.6,-35.3619814,149.1658715,35.4,11.4,12.0
21.7,-35.3619868,149.1658971,35.3,11.5,12.0
21.8,-35.361992,149.1659229,35.1,11.6,12.1
21.8,-35.361997,149.165949,35.0,11.6,12.2
21.9,-35.3620017,149.1659754,34.9,11.6,12.3
22.0,-35.362006,149.1660019,34.8,11.7,12.3
22.0,-35.36201,149.1660289,34.7,11.9,12.4
22.1,-35.3620135,149.1660559,34.6,12.0,12.5
22.2,-35.3620167,149.166083,34.5,12.0,12.5
22.2,-35.3620194,149.1661103,34.5,12.0,12.5
22.3,-35.3620217,149.1661376,34.5,12.0,12.5
22.4,-35.3620235,149.166165,34.5,12.0,12.5
22.4,-35.3620249,149.1661923,34.6,11.9,12.4
22.5,-35.362026,149.1662196,34.6,12.0,12.4
22.6,-35.3620266,149.1662467,34.7,11.9,12.3
22.6,-35.362027,149.1662738,34.7,11.8,12.3
22.7,-35.362027,149.1663008,34.8,11.8,12.3
22.8,-35.3620268,149.1663276,34.8,11.8,12.2
22.8,-35.3620263,149.1663545,34.9,11.8,12.2
22.9,-35.3620258,149.1663815,34.9,11.8,12.2
23.0,-35.362025,149.1664084,34.9,11.8,12.2
23.0,-35.362024,149.1664351,34.9,11.7,12.2
23.1,-35.3620229,149.1664618,34.8,11.8,12.2
23.2,-35.3620217,149.1664884,34.8,11.8,12.2
23.2,-35.3620204,149.1665151,34.8,11.8,12.2
23.3,-35.362019,149.1665417,34.8,11.8,12.2
23.4,-35.3620176,149.1665685,34.8,11.9,12.2
23.4,-35.362016,149.1665951,34.8,11.8,12.2
23.5,-35.362014,149.1666219,34.8,11.9,12.2
23.6,-35.362011,149.1666488,34.8,11.8,12.2
23.6,-35.3620068,149.1666754,34.7,11.9,12.3
23.7,-35.362001,149.1667018,34.7,11.9,12.4
23.8,-35.3619934,149.1667279,34.5,12.1,12.6
23.8,-35.3619841,149.1667534,34.4,12.2,12.8
23.9,-35.3619729,149.1667785,34.2,12.3,12.9
24.0,-35.3619599,149.1668025,34.1,12.5,13.1
24.0,-35.3619451,149.1668254,33.9,12.7,13.3
24.1,-35.3619285,149.166847,33.7,12.9,13.5
24.2,-35.3619102,149.1668668,33.6,13.1,13.7
24.2,-35.3618902,149.1668847,33.4,13.2,13.9
24.3,-35.3618686,149.1669005,33.3,13.4,14.0
24.4,-35.3618457,149.1669138,33.2,13.5,14.1
24.4,-35.3618218,149.1669244,33.2,13.6,14.2
24.5,-35.3617971,149.1669323,33.2,13.7,14.2
24.6,-35.3617719,149.1669374,33.3,13.7,14.2
24.6,-35.3617467,149.1669396,33.5,13.7,14.1
24.7,-35.3617216,149.1669392,33.7,13.6,13.9
24.8,-35.361697,149.1669364,34.0,13.5,13.6
24.8,-35.3616731,149.1669315,34.3,13.2,13.3
24.9,-35.3616501,149.1669249,34.7,13.0,13.0
25.0,-35.361628,149.166917,35.1,12.7,12.6
25.0,-35.3616068,149.1669083,35.5,12.4,12.3
25.1,-35.3615862,149.1668991,35.9,12.1,12.1
25.2,-35.3615661,149.1668897,36.1,11.9,11.9
25.2,-35.3615463,149.1668801,36.2,11.6,11.8
25.3,-35.3615267,149.1668705,36.3,11.4,11.7
25.4,-35.3615073,149.1668607,36.2,11.4,11.7
25.4,-35.361488,149.1668503,36.1,11.3,11.7
25.5,-35.361469,149.1668391,35.9,11.4,11.8
25.6,-35.3614503,149.1668265,35.7,11.4,11.9
25.6,-35.361432,149.1668124,35.4,11.6,12.1
25.7,-35.3614144,149.1667967,35.1,11.7,12.3
25.7,-35.3613971,149.1667789,34.8,11.9,12.6
25.8,-35.3613807,149.1667597,34.4,12.1,12.8
25.9,-35.3613652,149.1667387,34.1,12.4,13.1
26.0,-35.3613507,149.1667159,33.8,12.6,13.4
26.0,-35.3613374,149.1666913,33.5,12.9,13.6
26.1,-35.3613255,149.1666651,33.2,13.2,13.9
26.2,-35.3613152,149.1666373,33.0,13.4,14.0
26.2,-35.3613067,149.1666081,32.8,13.6,14.2
26.3,-35.3613001,149.166578,32.7,13.7,14.3
26.3,-35.3612955,149.1665473,32.7,13.7,14.3
26.4,-35.3612929,149.1665162,32.8,13.8,14.2
26.5,-35.3612921,149.166485,33.0,13.7,14.1
26.5,-35.3612931,149.1664544,33.3,13.6,13.8
26.6,-35.3612955,149.1664244,33.6,13.4,13.5
26.7,-35.3612992,149.1663956,34.0,13.1,13.1
26.7,-35.3613038,149.1663677,34.5,12.8,12.7
26.8,-35.3613088,149.1663407,34.9,12.6,12.4
26.9,-35.3613142,149.1663143,35.3,12.3,12.2
26.9,-35.3613198,149.1662884,35.5,11.9,12.0
27.0,-35.3613254,149.1662629,35.7,11.7,11.9
27.1,-35.361331,149.1662376,35.7,11.6,11.9
27.2,-35.3613367,149.1662123,35.7,11.5,11.8
27.2,-35.3613423,149.166187,35.6,11.5,11.9
27.3,-35.3613478,149.1661616,35.5,11.5,11.9
27.4,-35.3613531,149.166136,35.4,11.5,12.0
27.4,-35.3613583,149.1661102,35.2,11.6,12.1
27.5,-35.3613633,149.1660842,35.1,11.7,12.1
27.6,-35.361368,149.1660578,34.9,11.7,12.2
27.6,-35.3613724,149.1660313,34.8,11.8,12.3
27.7,-35.3613765,149.1660046,34.7,11.9,12.4
27.7,-35.3613801,149.1659779,34.6,12.0,12.4
27.8,-35.3613834,149.1659508,34.5,12.0,12.5
27.9,-35.3613864,149.1659235,34.5,12.0,12.5
27.9,-35.3613889,149.1658962,34.4,12.0,12.5
28.0,-35.3613909,149.1658689,34.5,12.1,12.5
28.1,-35.3613926,149.1658416,34.5,12.1,12.4
28.1,-35.3613939,149.1658144,34.6,12.0,12.4
28.2,-35.3613949,149.1657873,34.6,12.0,12.3
28.3,-35.3613955,149.1657602,34.7,11.9,12.2
28.3,-35.3613959,149.1657333,34.8,11.8,12.2
28.4,-35.361396,149.1657065,34.8,11.9,12.1
28.5,-35.3613959,149.1656798,34.9,11.8,12.1
28.5,-35.3613956,149.1656531,34.9,11.7,12.1
28.6,-35.3613952,149.1656263,34.9,11.7,12.1
28.7,-35.3613946,149.1655996,34.9,11.7,12.1
28.7,-35.3613938,149.1655729,34.9,11.7,12.1
28.8,-35.3613929,149.1655461,34.9,11.7,12.1
28.9,-35.361392,149.1655193,34.8,11.7,12.1
28.9,-35.3613909,149.1654924,34.8,11.7,12.2
29.0,-35.3613898,149.1654656,34.8,11.7,12.2
29.1,-35.3613887,149.1654387,34.8,11.8,12.2
29.1,-35.3613879,149.1654119,34.8,11.8,12.2
29.2,-35.3613878,149.1653851,34.8,11.8,12.2
29.3,-35.3613886,149.1653584,34.7,11.9,12.3
29.3,-35.361391,149.1653315,34.7,12.0,12.4
29.4,-35.3613952,149.1653044,34.5,12.0,12.5
29.5,-35.3614012,149.1652775,34.4,12.1,12.7
29.5,-35.3614092,149.1652509,34.2,12.2,12.9
29.6,-35.3614191,149.1652247,34.1,12.5,13.1
29.7,-35.3614311,149.1651993,33.9,12.7,13.3
29.7,-35.361445,149.1651749,33.7,12.9,13.6
29.8,-35.3614609,149.165152,33.5,13.1,13.8
29.9,-35.3614786,149.1651308,33.3,13.4,14.0
29.9,-35.3614982,149.1651117,33.2,13.5,14.1
30.0,-35.3615195,149.1650949,33.1,13.6,14.3
30.1,-35.3615423,149.1650806,33.0,13.7,14.4
30.1,-35.3615663,149.1650691,33.0,13.9,14.4
30.2,-35.3615915,149.1650606,33.0,14.0,14.4
30.3,-35.3616169,149.1650553,33.1,14.0,14.4
30.3,-35.3616423,149.165053,33.3,14.0,14.2
30.5,-35.3616679,149.1650537,33.5,13.8,14.1
30.5,-35.3616929,149.165057,33.8,13.7,13.8
30.6,-35.3617171,149.1650626,34.1,13.5,13.5
30.6,-35.3617401,149.1650701,34.6,13.3,13.1
30.7,-35.361762,149.1650791,35.0,12.9,12.7
30.8,-35.361783,149.1650889,35.5,12.6,12.3
30.8,-35.3618033,149.1650993,35.8,12.2,12.1
30.9,-35.3618234,149.1651101,36.1,11.9,11.9
31.0,-35.3618426,149.1651208,36.3,11.7,11.7
31.0,-35.3618617,149.1651316,36.3,11.5,11.6
31.1,-35.3618808,149.1651425,36.3,11.3,11.6
31.2,-35.3618998,149.1651532,36.2,11.3,11.6
31.2,-35.3619189,149.1651639,36.0,11.3,11.7
31.3,-35.361938,149.1651743,35.8,11.4,11.8
31.4,-35.3619574,149.1651846,35.6,11.5,11.9
31.4,-35.3619773,149.1651945,35.3,11.5,12.0
31.5,-35.3619975,149.1652042,35.1,11.6,12.1
31.6,-35.3620184,149.1652135,34.9,11.8,12.3
31.6,-35.3620393,149.1652221,34.7,11.9,12.4
31.7,-35.3620606,149.1652302,34.5,12.0,12.5
31.8,-35.3620824,149.1652377,34.4,12.1,12.6
31.8,-35.3621045,149.1652445,34.2,12.2,12.7
31.9,-35.3621268,149.1652506,34.2,12.3,12.7
32.0,-35.3621494,149.1652558,34.1,12.3,12.7
32.0,-35.3621722,149.1652603,34.1,12.3,12.7
32.1,-35.362195,149.1652639,34.2,12.4,12.7
32.2,-35.3622178,149.1652668,34.3,12.3,12.6
32.2,-35.3622401,149.1652688,34.4,12.3,12.5
32.3,-35.3622629,149.1652703,34.6,12.1,12.3
32.4,-35.3622851,149.1652711,34.7,12.0,12.2
32.4,-35.3623071,149.1652714,34.9,11.9,12.1
32.5,-35.3623291,149.1652713,35.0,11.7,12.0
32.6,-35.3623508,149.1652708,35.1,11.7,12.0
32.6,-35.3623725,149.1652701,35.1,11.6,12.0
32.7,-35.3623941,149.165269,35.2,11.6,12.0
32.8,-35.3624157,149.1652677,35.1,11.6,12.0
32.8,-35.3624373,149.1652662,35.1,11.6,12.0
32.9,-35.362459,149.1652645,35.1,11.6,12.0
33.0,-35.3624806,149.1652626,35.0,11.6,12.1
33.0,-35.3625023,149.1652606,35.0,11.6,12.1
33.1,-35.3625241,149.1652586,35.0,11.6,12.1
33.1,-35.3625459,149.1652564,34.9,11.6,12.1
33.2,-35.3625677,149.1652542,34.9,11.6,12.2
33.3,-35.3625896,149.165252,34.9,11.7,12.2
33.4,-35.3626115,149.1652498,34.9,11.6,12.2
33.4,-35.3626334,149.1652477,34.9,11.7,12.2
33.5,-35.3626553,149.1652456,34.9,11.7,12.2
33.5,-35.3626773,149.1652436,34.9,11.8,12.2
33.6,-35.3626992,149.1652418,34.9,11.8,12.2
33.7,-35.3627212,149.16524,34.9,11.8,12.3
33.7,-35.3627432,149.1652384,34.9,11.8,12.3
33.8,-35.3627651,149.1652369,34.9,11.7,12.3
33.9,-35.3627871,149.1652356,34.9,11.8,12.3
33.9,-35.3628092,149.1652343,34.9,11.9,12.3
34.0,-35.3628313,149.1652333,34.9,11.9,12.3
34.1,-35.3628534,149.1652323,34.9,11.8,12.3
34.2,-35.3628755,149.1652315,34.9,11.9,12.3
34.2,-35.3628975,149.1652309,34.9,11.9,12.3
34.3,-35.3629195,149.1652304,34.9,11.9,12.3
34.4,-35.3629416,149.16523,34.9,11.9,12.3
34.4,-35.3629636,149.1652297,34.9,11.9,12.3
34.5,-35.3629856,149.1652296,34.9,11.9,12.3
34.6,-35.3630076,149.1652295,34.9,11.9,12.3
34.6,-35.3630297,149.1652296,34.9,11.8,12.3
34.7,-35.3630518,149.1652297,34.9,11.8,12.3
34.7,-35.363074,149.1652298,34.9,11.9,12.3
34.8,-35.3630961,149.1652301,34.9,11.9,12.3
34.9,-35.3631183,149.1652305,34.9,11.9,12.4
34.9,-35.3631406,149.1652309,34.9,12.0,12.4
35.0,-35.3631629,149.1652314,34.9,12.0,12.4
35.1,-35.3631852,149.1652318,34.9,12.0,12.4
35.1,-35.3632075,149.1652323,34.9,11.9,12.4
35.2,-35.3632297,149.1652328,34.9,12.0,12.4
35.3,-35.3632521,149.1652333,35.0,12.0,12.4
35.3,-35.3632745,149.1652339,35.0,12.0,12.4
35.4,-35.3632969,149.1652344,35.0,12.0,12.4
35.5,-35.3633193,149.1652349,35.0,12.0,12.4
35.5,-35.3633417,149.1652355,35.0,12.1,12.4
35.6,-35.363364,149.165236,35.0,12.0,12.4
35.7,-35.3633864,149.1652365,35.0,12.0,12.4
35.7,-35.3634088,149.165237,35.0,12.0,12.4
35.8,-35.3634311,149.1652374,35.0,12.0,12.4
35.9,-35.3634535,149.1652379,35.0,12.0,12.4
35.9,-35.3634758,149.1652382,35.0,12.0,12.4
36.0,-35.3634982,149.1652386,35.0,12.0,12.4
36.1,-35.3635206,149.1652389,35.0,12.0,12.4
36.1,-35.3635429,149.1652391,35.0,12.0,12.4
36.2,-35.3635652,149.1652393,35.0,12.0,12.4
36.3,-35.3635874,149.1652395,35.0,12.0,12.4
36.3,-35.3636096,149.1652396,35.0,12.0,12.4
36.4,-35.3636319,149.1652397,35.0,12.0,12.4
36.5,-35.3636541,149.1652397,35.0,12.1,12.4
36.5,-35.3636764,149.1652396,35.0,12.1,12.4
36.6,-35.3636986,149.1652396,35.0,12.0,12.4
36.7,-35.3637209,149.1652396,35.0,12.0,12.4
36.7,-35.3637431,149.1652395,35.0,12.0,12.4
36.8,-35.3637655,149.1652393,35.0,12.0,12.4
36.9,-35.3637878,149.1652392,35.0,12.0,12.3
36.9,-35.3638097,149.165239,35.0,11.9,12.1
37.0,-35.3638312,149.1652382,35.0,11.7,11.8
37.1,-35.3638522,149.1652365,35.0,11.5,11.6
37.1,-35.3638727,149.1652335,34.9,11.2,11.3
37.2,-35.3638925,149.165229,34.9,11.1,11.1
37.3,-35.3639117,149.1652229,34.8,10.9,10.9
37.3,-35.3639302,149.1652157,34.8,10.6,10.6
37.4,-35.363948,149.1652075,34.8,10.3,10.4
37.5,-35.363965,149.1651987,34.8,10.1,10.1
37.5,-35.3639814,149.1651894,34.8,9.8,9.8
37.6,-35.363997,149.1651797,34.9,9.5,9.4
37.7,-35.3640117,149.1651699,35.0,9.2,9.1
37.7,-35.3640257,149.1651599,35.1,8.7,8.7
37.8,-35.3640388,149.1651499,35.1,8.4,8.4
37.9,-35.3640512,149.1651399,35.2,8.1,8.0
37.9,-35.3640629,149.1651298,35.2,7.7,7.7
38.0,-35.3640738,149.1651199,35.2,7.4,7.4
38.1,-35.3640841,149.16511,35.2,7.1,7.0
38.1,-35.3640936,149.1651002,35.1,6.8,6.7
38.2,-35.3641023,149.1650909,35.0,6.2,6.0
38.3,-35.3641096,149.1650826,34.7,5.3,4.9
38.3,-35.3641149,149.1650757,34.4,4.4,3.7
38.4,-35.3641184,149.16507,34.2,3.5,2.7
38.5,-35.3641202,149.1650656,34.2,2.7,1.8
38.5,-35.3641206,149.1650623,34.2,1.9,1.2
38.6,-35.3641197,149.1650602,34.3,1.5,1.0
38.7,-35.364118,149.1650591,34.5,0.3,1.3
38.7,-35.3641153,149.1650588,34.7,0.3,1.7
38.8,-35.364112,149.1650593,34.8,0.2,2.1
38.9,-35.364108,149.1650602,34.9,0.2,2.5
38.9,-35.3641033,149.1650617,35.0,1.2,2.8
39.0,-35.3640981,149.1650635,35.0,1.6,3.2
39.1,-35.3640923,149.1650655,35.0,2.5,3.5
39.1,-35.364086,149.1650677,34.9,2.6,3.8
39.2,-35.3640792,149.1650702,34.9,3.1,4.1
39.3,-35.3640719,149.1650728,34.9,3.6,4.3
39.3,-35.3640643,149.1650755,34.9,3.8,4.5
39.4,-35.3640563,149.1650783,35.0,4.0,4.6
39.5,-35.3640481,149.165081,35.0,4.1,4.7
39.5,-35.3640398,149.1650837,35.0,4.3,4.8
39.6,-35.3640313,149.1650863,35.0,4.4,4.9
39.7,-35.3640227,149.1650888,35.0,4.5,4.9
39.7,-35.364014,149.1650913,35.1,4.4,4.9
39.8,-35.3640053,149.1650936,35.1,4.6,4.9
39.9,-35.3639966,149.1650958,35.1,4.5,4.9
39.9,-35.3639879,149.1650979,35.0,4.6,4.9
40.0,-35.3639791,149.1651,35.0,4.4,4.9
40.1,-35.3639704,149.1651019,35.0,4.5,4.9
40.1,-35.3639618,149.1651038,35.0,4.5,4.9
40.2,-35.3639531,149.1651056,35.0,4.5,4.9
40.3,-35.3639445,149.1651074,35.0,4.4,4.9
40.3,-35.3639359,149.165109,35.0,4.3,4.9
40.4,-35.3639273,149.1651106,35.0,4.2,4.8
40.5,-35.3639188,149.1651122,35.0,4.3,4.8
40.5,-35.3639102,149.1651137,35.0,4.3,4.8
40.6,-35.3639017,149.1651151,35.0,4.2,4.8
40.7,-35.3638932,149.1651166,35.0,4.4,4.8
40.7,-35.3638847,149.165118,35.0,4.4,4.8
40.8,-35.3638763,149.1651193,35.0,4.3,4.8
40.9,-35.3638678,149.1651207,35.0,4.5,4.8
40.9,-35.3638593,149.165122,35.0,4.5,4.8
41.0,-35.3638509,149.1651234,35.0,4.2,4.8
41.1,-35.3638424,149.1651247,35.0,4.1,4.8
41.1,-35.3638339,149.1651261,35.0,4.2,4.8
41.2,-35.3638254,149.1651274,35.0,4.4,4.8
41.3,-35.3638167,149.1651288,35.0,4.4,4.8
41.3,-35.3638082,149.1651302,35.0,4.4,4.8
41.4,-35.3637996,149.1651316,35.0,4.4,4.8
41.5,-35.3637912,149.1651329,35.0,4.5,4.8
41.5,-35.3637826,149.1651344,35.0,4.4,4.8
41.6,-35.363774,149.1651358,35.0,4.4,4.9
41.7,-35.3637653,149.1651373,35.0,4.6,4.9
41.7,-35.3637568,149.1651387,35.0,4.5,4.9
41.8,-35.3637481,149.1651402,35.0,4.6,4.9
41.9,-35.3637394,149.1651418,35.0,4.6,4.9
41.9,-35.3637307,149.1651433,35.0,4.6,4.9
42.0,-35.3637219,149.1651449,35.0,4.4,4.9
42.1,-35.3637131,149.1651465,35.0,4.6,4.9
42.1,-35.3637043,149.1651481,35.0,4.6,5.0
42.2,-35.3636955,149.1651498,35.0,4.6,5.0
42.3,-35.3636867,149.1651514,35.0,4.6,5.0
42.3,-35.3636779,149.1651531,35.0,4.7,5.0
42.4,-35.3636691,149.1651548,35.0,4.5,5.0
42.5,-35.3636602,149.1651565,35.0,4.6,5.0
42.5,-35.3636512,149.1651583,35.0,4.6,5.0
42.6,-35.3636422,149.16516,35.0,4.7,5.0
42.7,-35.3636331,149.1651618,35.0,4.6,5.0
42.7,-35.3636241,149.1651636,35.0,4.7,5.0
42.8,-35.3636151,149.1651654,35.0,4.7,5.0
42.9,-35.3636061,149.1651672,35.0,4.8,5.0
42.9,-35.3635971,149.165169,35.0,4.8,5.0
43.0,-35.3635881,149.1651708,35.0,4.8,5.0
45.4,-35.3635791,149.1651726,35.0,4.6,5.0
45.4,-35.3635701,149.1651744,35.0,4.7,5.0
45.5,-35.3635611,149.1651762,35.0,4.5,5.0
45.6,-35.3635522,149.165178,35.0,4.4,5.0
45.6,-35.363543,149.1651799,35.0,4.4,5.0
45.7,-35.3635341,149.1651817,35.0,4.4,5.0
45.8,-35.3635251,149.1651835,35.0,4.5,5.0
45.8,-35.3635161,149.1651853,35.0,4.7,5.0
45.9,-35.3635071,149.1651872,35.0,4.6,5.0
46.0,-35.3634982,149.165189,35.0,4.6,5.0
46.0,-35.3634893,149.1651908,35.0,4.7,5.0
46.1,-35.3634804,149.1651926,35.0,4.8,5.0
46.2,-35.3634716,149.1651944,35.0,4.9,5.0
46.2,-35.3634627,149.1651962,35.0,4.6,4.9
46.3,-35.363454,149.165198,35.0,4.6,4.9
46.4,-35.3634453,149.1651997,35.0,4.6,4.8
46.4,-35.3634368,149.1652015,35.0,4.5,4.7
46.5,-35.3634285,149.1652032,35.0,4.4,4.6
46.6,-35.3634203,149.1652048,35.0,4.4,4.5
46.6,-35.3634123,149.1652064,35.0,4.1,4.4
46.7,-35.3634045,149.165208,35.0,3.9,4.3
46.8,-35.3633969,149.1652096,35.0,3.8,4.2
46.8,-35.3633896,149.165211,35.0,3.6,4.0
46.9,-35.3633825,149.1652125,35.0,3.5,3.9
47.0,-35.3633756,149.1652139,35.0,3.7,3.8
47.0,-35.3633689,149.1652152,35.0,3.4,3.7
47.1,-35.3633624,149.1652165,35.0,3.0,3.6
47.2,-35.3633561,149.1652178,35.0,3.2,3.5
47.2,-35.3633499,149.1652191,35.0,3.1,3.4
47.3,-35.3633439,149.1652203,35.0,3.1,3.4
47.4,-35.3633379,149.1652215,35.0,3.0,3.3
47.4,-35.3633319,149.1652228,35.0,2.9,3.3
47.5,-35.3633261,149.165224,35.0,2.7,3.2
47.6,-35.3633205,149.1652251,35.0,2.9,3.1
47.6,-35.3633151,149.1652262,35.0,2.7,2.9
47.7,-35.3633101,149.1652272,35.0,2.2,2.7
47.8,-35.3633055,149.1652282,35.0,2.1,2.5
47.8,-35.3633012,149.1652291,35.0,2.2,2.3
47.9,-35.3632973,149.1652299,35.0,1.9,2.1
48.0,-35.3632937,149.1652306,35.0,1.6,1.9
48.0,-35.3632905,149.1652313,35.0,1.3,1.7
48.1,-35.3632876,149.1652318,35.0,0.6,1.5
48.2,-35.363285,149.1652324,35.0,0.6,1.3
48.2,-35.3632827,149.1652329,35.0,1.0,1.2
48.3,-35.3632807,149.1652333,35.0,0.4,1.1
48.4,-35.3632789,149.1652337,35.0,0.5,0.9
48.4,-35.3632773,149.165234,35.0,0.3,0.8
48.5,-35.3632759,149.1652343,35.0,0.5,0.7
48.6,-35.3632747,149.1652346,34.9,0.7,0.7
48.6,-35.3632736,149.1652348,34.8,1.1,0.6
48.7,-35.3632726,149.165235,34.6,1.0,0.5
48.8,-35.3632717,149.1652352,34.3,0.3,0.5
48.8,-35.3632709,149.1652353,34.0,0.8,0.4
48.9,-35.3632703,149.1652355,33.6,0.7,0.3
49.0,-35.3632697,149.1652356,33.3,0.5,0.3
49.0,-35.3632691,149.1652357,33.0,0.5,0.3
49.1,-35.3632686,149.1652358,32.7,0.5,0.3
49.2,-35.3632682,149.1652359,32.4,0.8,0.2
49.2,-35.3632678,149.165236,32.1,0.9,0.2
49.3,-35.3632674,149.165236,31.8,0.4,0.2
49.4,-35.363267,149.1652361,31.5,0.5,0.2
49.4,-35.3632666,149.1652362,31.2,1.1,0.2
49.5,-35.3632662,149.1652362,30.9,1.0,0.2
49.6,-35.3632658,149.1652363,30.6,0.9,0.2
49.6,-35.3632654,149.1652363,30.3,0.7,0.2
49.7,-35.363265,149.1652364,30.0,0.8,0.2
49.7,-35.3632646,149.1652364,29.7,1.0,0.2
49.8,-35.3632643,149.1652365,29.5,0.6,0.2
49.9,-35.3632639,149.1652365,29.2,0.2,0.2
50.0,-35.3632635,149.1652366,28.9,0.4,0.2
50.0,-35.3632632,149.1652366,28.6,0.4,0.2
50.1,-35.3632628,149.1652367,28.3,0.8,0.2
50.1,-35.3632625,149.1652367,28.0,0.8,0.2
50.2,-35.3632622,149.1652368,27.7,0.8,0.1
50.3,-35.3632619,149.1652368,27.4,0.9,0.1
50.4,-35.3632616,149.1652369,27.1,0.9,0.1
50.4,-35.3632613,149.1652369,26.8,0.8,0.1
50.5,-35.3632611,149.1652369,26.5,1.2,0.1
50.6,-35.3632609,149.165237,26.2,1.2,0.1
50.6,-35.3632607,149.165237,25.9,1.1,0.1
50.7,-35.3632605,149.1652371,25.6,1.2,0.1
50.7,-35.3632604,149.1652371,25.3,1.2,0.0
50.8,-35.3632603,149.1652371,25.0,0.5,0.0
50.9,-35.3632602,149.1652371,24.7,1.0,0.0
50.9,-35.3632601,149.1652372,24.4,0.9,0.0
51.0,-35.3632601,149.1652372,24.1,0.6,0.0
51.1,-35.36326,149.1652371,23.8,0.6,0.0
51.1,-35.36326,149.1652371,23.5,1.0,0.0
51.2,-35.36326,149.1652371,23.2,0.6,0.0
51.3,-35.36326,149.1652371,22.9,0.2,0.0
51.3,-35.36326,149.1652371,22.6,0.2,0.1
51.4,-35.36326,149.1652371,22.3,0.2,0.1
51.5,-35.3632601,149.1652371,22.0,0.9,0.1
51.5,-35.3632601,149.165237,21.7,0.8,0.1
51.6,-35.3632602,149.165237,21.4,1.0,0.1
51.7,-35.3632602,149.165237,21.1,0.8,0.1
51.7,-35.3632603,149.165237,20.8,0.8,0.1
51.8,-35.3632604,149.165237,20.5,0.7,0.1
51.9,-35.3632604,149.1652369,20.2,0.9,0.1
51.9,-35.3632605,149.1652369,19.9,0.8,0.1
52.0,-35.3632606,149.1652369,19.6,1.1,0.1
52.1,-35.3632606,149.1652369,19.3,1.0,0.1
52.1,-35.3632607,149.1652369,19.0,0.9,0.1
52.2,-35.3632608,149.1652369,18.7,0.9,0.1
52.3,-35.3632609,149.1652368,18.4,0.9,0.1
52.3,-35.363261,149.1652368,18.1,1.2,0.1
52.4,-35.3632611,149.1652368,17.8,0.6,0.1
52.5,-35.3632611,149.1652367,17.5,0.3,0.1
52.5,-35.3632612,149.1652367,17.2,0.7,0.1
52.6,-35.3632613,149.1652366,16.9,0.8,0.1
52.7,-35.3632614,149.1652366,16.6,1.0,0.1
52.7,-35.3632614,149.1652366,16.3,0.4,0.1
52.8,-35.3632615,149.1652366,16.0,0.8,0.1
52.9,-35.3632615,149.1652365,15.7,1.0,0.0
52.9,-35.3632616,149.1652365,15.4,0.7,0.0
53.0,-35.3632616,149.1652364,15.1,0.1,0.0
53.1,-35.3632616,149.1652364,14.8,0.4,0.0
53.1,-35.3632617,149.1652364,14.5,0.4,0.0
53.2,-35.3632617,149.1652363,14.2,0.5,0.0
53.3,-35.3632617,149.1652363,13.9,0.3,0.0
53.3,-35.3632617,149.1652363,13.6,0.6,0.0
53.4,-35.3632617,149.1652362,13.3,0.5,0.0
53.5,-35.3632617,149.1652362,13.0,0.3,0.0
53.5,-35.3632617,149.1652361,12.7,0.4,0.0
53.6,-35.3632617,149.1652361,12.4,0.8,0.0
53.7,-35.3632617,149.1652361,12.1,0.8,0.0
53.7,-35.3632617,149.165236,11.8,0.4,0.0
53.8,-35.3632617,149.165236,11.4,0.6,0.0
53.9,-35.3632617,149.165236,11.2,0.7,0.0
53.9,-35.3632617,149.1652359,10.9,0.4,0.0
54.0,-35.3632617,149.1652359,10.6,0.9,0.0
54.1,-35.3632617,149.1652359,10.3,1.0,0.0
54.1,-35.3632617,149.1652359,10.0,1.0,0.0
54.2,-35.3632617,149.1652359,9.8,0.9,0.0
54.3,-35.3632617,149.1652359,9.5,0.6,0.0
54.3,-35.3632617,149.1652359,9.3,1.1,0.1
54.4,-35.3632617,149.1652359,9.1,0.7,0.1
54.5,-35.3632617,149.1652359,8.9,0.4,0.1
54.5,-35.3632618,149.165236,8.7,0.6,0.1
54.6,-35.3632618,149.1652361,8.5,0.2,0.1
54.7,-35.3632618,149.1652363,8.3,0.4,0.1
54.7,-35.3632618,149.1652364,8.1,0.7,0.1
54.8,-35.3632619,149.1652366,7.9,0.2,0.1
54.9,-35.3632619,149.1652368,7.7,0.5,0.1
54.9,-35.363262,149.165237,7.6,0.6,0.1
55.0,-35.363262,149.1652372,7.4,1.0,0.1
55.1,-35.363262,149.1652374,7.2,0.7,0.1
55.1,-35.3632621,149.1652376,7.1,0.6,0.1
55.2,-35.3632621,149.1652378,6.9,0.1,0.1
55.3,-35.3632622,149.165238,6.8,0.2,0.1
55.3,-35.3632622,149.1652382,6.7,0.9,0.1
55.4,-35.3632623,149.1652383,6.5,0.7,0.1
55.5,-35.3632623,149.1652385,6.4,0.9,0.1
55.5,-35.3632623,149.1652386,6.3,0.5,0.1
55.6,-35.3632624,149.1652387,6.2,0.5,0.1
55.7,-35.3632624,149.1652388,6.1,0.6,0.0
55.7,-35.3632624,149.1652388,6.0,0.1,0.0
55.8,-35.3632624,149.1652388,5.9,0.8,0.0
55.9,-35.3632624,149.1652388,5.7,1.2,0.0
55.9,-35.3632624,149.1652388,5.6,0.9,0.0
56.0,-35.3632624,149.1652388,5.5,0.9,0.0
56.1,-35.3632624,149.1652389,5.4,1.1,0.0
56.1,-35.3632624,149.1652389,5.3,0.7,0.0
56.2,-35.3632624,149.1652389,5.2,0.7,0.0
56.3,-35.3632624,149.1652389,5.1,0.9,0.0
56.3,-35.3632623,149.1652388,5.0,1.2,0.0
56.4,-35.3632623,149.1652388,4.9,1.0,0.0
56.5,-35.3632623,149.1652387,4.8,0.5,0.0
56.5,-35.3632623,149.1652386,4.7,0.8,0.0
56.6,-35.3632623,149.1652385,4.6,0.4,0.0
56.7,-35.3632622,149.1652384,4.5,0.3,0.0
56.7,-35.3632622,149.1652383,4.4,0.9,0.0
56.8,-35.3632622,149.1652382,4.3,0.7,0.0
56.9,-35.3632622,149.1652381,4.2,0.8,0.0
56.9,-35.3632622,149.165238,4.1,0.5,0.0
57.0,-35.3632621,149.1652379,4.0,0.7,0.0
57.1,-35.3632621,149.1652378,3.9,0.5,0.0
57.1,-35.3632621,149.1652377,3.8,0.5,0.0
57.2,-35.363262,149.1652375,3.7,0.5,0.0
57.3,-35.363262,149.1652374,3.6,0.4,0.0
57.3,-35.3632619,149.1652373,3.5,0.5,0.0
57.4,-35.3632619,149.1652372,3.4,0.7,0.0
57.5,-35.3632618,149.1652372,3.3,0.9,0.0
57.5,-35.3632618,149.1652371,3.2,0.3,0.0
57.6,-35.3632618,149.165237,3.1,0.3,0.0
57.7,-35.3632617,149.165237,3.0,0.2,0.0
57.7,-35.3632617,149.165237,2.9,0.3,0.0
57.8,-35.3632617,149.1652369,2.8,0.0,0.0
57.9,-35.3632616,149.1652369,2.7,0.2,0.0
57.9,-35.3632616,149.1652369,2.6,0.3,0.0
58.0,-35.3632616,149.1652369,2.5,0.9,0.0
58.1,-35.3632616,149.1652369,2.4,1.0,0.0
58.1,-35.3632615,149.1652369,2.3,0.9,0.0
58.2,-35.3632615,149.1652369,2.2,0.4,0.0
58.3,-35.3632615,149.1652369,2.1,0.7,0.0
58.3,-35.3632615,149.1652369,2.0,0.6,0.0
58.4,-35.3632615,149.1652369,1.9,0.4,0.0
58.5,-35.3632615,149.1652369,1.8,0.4,0.0
58.5,-35.3632615,149.1652369,1.7,0.7,0.0
58.6,-35.3632615,149.1652369,1.6,0.9,0.0
58.7,-35.3632615,149.1652369,1.5,1.2,0.0
58.7,-35.3632615,149.1652369,1.4,1.3,0.0
58.8,-35.3632615,149.1652369,1.3,1.1,0.0
58.9,-35.3632615,149.1652369,1.2,0.6,0.0
58.9,-35.3632615,149.1652369,1.1,1.0,0.0
59.0,-35.3632615,149.1652369,1.0,0.9,0.0
59.1,-35.3632615,149.1652369,0.9,0.2,0.0
59.1,-35.3632615,149.1652369,0.8,0.2,0.0
59.2,-35.3632615,149.1652369,0.7,0.7,0.0
59.3,-35.3632615,149.1652369,0.6,0.6,0.0
59.3,-35.3632615,149.1652368,0.5,0.2,0.0
59.4,-35.3632616,149.1652368,0.4,0.4,0.0
59.5,-35.3632616,149.1652368,0.3,0.4,0.0
59.5,-35.3632616,149.1652368,0.2,0.4,0.0
59.6,-35.3632616,149.1652368,0.2,1.0,0.0
59.7,-35.3632616,149.1652368,0.2,0.9,0.0
59.7,-35.3632616,149.1652368,0.2,1.0,0.0
59.8,-35.3632615,149.1652367,0.2,0.7,0.0
59.9,-35.3632615,149.1652367,0.2,0.5,0.0
59.9,-35.3632615,149.1652367,0.2,0.7,0.0
60.0,-35.3632615,149.1652367,0.2,0.5,0.0
60.1,-35.3632615,149.1652367,0.2,0.5,0.0
60.1,-35.3632615,149.1652367,0.2,0.8,0.0
60.2,-35.3632615,149.1652367,0.2,0.7,0.0
60.3,-35.3632615,149.1652367,0.2,0.9,0.0
60.3,-35.3632615,149.1652367,0.2,1.1,0.0
60.4,-35.3632615,149.1652367,0.2,1.1,0.0
60.5,-35.3632615,149.1652367,0.2,1.0,0.0
60.5,-35.3632615,149.1652367,0.2,0.7,0.0
60.6,-35.3632615,149.1652367,0.2,0.9,0.0
60.7,-35.3632615,149.1652367,0.2,0.9,0.0
60.7,-35.3632615,149.1652367,0.2,0.5,0.0
60.8,-35.3632615,149.1652367,0.2,0.5,0.0
60.9,-35.3632615,149.1652367,0.2,1.0,0.0
60.9,-35.3632615,149.1652367,0.2,0.9,0.0
61.0,-35.3632615,149.1652367,0.2,0.4,0.0
61.1,-35.3632615,149.1652367,0.2,0.6,0.0
61.1,-35.3632615,149.1652367,0.2,0.5,0.0
61.2,-35.3632615,149.1652367,0.2,0.3,0.0
61.3,-35.3632615,149.1652367,0.2,0.4,0.0
61.3,-35.3632615,149.1652367,0.2,0.6,0.0
61.4,-35.3632615,149.1652367,0.2,1.0,0.0
61.5,-35.3632615,149.1652367,0.2,0.8,0.0
61.5,-35.3632615,149.1652367,0.2,0.7,0.0
61.6,-35.3632615,149.1652367,0.2,0.5,0.0
61.7,-35.3632615,149.1652367,0.2,1.1,0.0
61.7,-35.3632615,149.1652367,-0.0,1.0,0.0
